[
  {
    "Id": "277637",
    "ThreadId": "80965",
    "Html": "<p>Hi</p>\r\n<p>Can I re-use instance of generated Parser class to call its Parse method several times?</p>\r\n<p>It seems that ValueStack property can't be reset.</p>\r\n<p>&nbsp;</p>",
    "PostedDate": "2010-01-15T09:15:07.88-08:00",
    "UserRole": null,
    "MarkedAsAnswerDate": null
  },
  {
    "Id": "278046",
    "ThreadId": "80965",
    "Html": "<p>Hi Almas.&nbsp; You are correct, there is no method to re-initialize the state of the parser.&nbsp; You need to create another parser object.&nbsp;</p>\r\n<p>It is difficult to make the Parse method reset the parser state, becuase it typically has an attached scanner and error handler which need to be reset as well.&nbsp;&nbsp; However, I am currently considering changes for the next update which would make parser object creation even more light weight.&nbsp; Some users have thread pools with&nbsp;many threads running an identical parsers.&nbsp; This would be more efficient if these parsers could share a single&nbsp;parsing table.&nbsp;&nbsp;In the current version each new parser initializes a new table.</p>\r\n<p>If you really do need to restart a parse and discard the current parse state please let me know, as it is an interesting idea.&nbsp; Would you want to leave the current scanner and error-handler state as they are, or would you want Parse() to do a call-back to the scanner and error-handler to reset also?</p>\r\n<p>Cheers, John</p>",
    "PostedDate": "2010-01-16T18:11:11.653-08:00",
    "UserRole": null,
    "MarkedAsAnswerDate": null
  },
  {
    "Id": "278381",
    "ThreadId": "80965",
    "Html": "<p>Hi John.</p>\r\n<p>Thanks for answer and for your great application.</p>\r\n<p>For my specific needs i wanted to re-initialize the same instances of parser and scanner because i parse thousands of separate sentences in the cycle. However if scanner/parser creation is a cheap operation this feature probably is unnecessary.</p>",
    "PostedDate": "2010-01-17T23:57:47.103-08:00",
    "UserRole": null,
    "MarkedAsAnswerDate": null
  },
  {
    "Id": "430865",
    "ThreadId": "80965",
    "Html": "<p>I have similar concerns with the cost of parser creation. In my application I may need to parse as many as 5,000,000 (yes!) separate &quot;sentences&quot; during a performance critical batch operation, so a light-weight reset or instantiation is critical for me. Considering sharing the parser tables vs reseting the same parser instance, I think the first is preferable because it allows concurrency; multiple threads do not need to synchronize (i.e. stand in line waiting for the parser instance to be available). And probably the time to create an instance is equal to the time to create the per instance data, which must be rewritten anyway during a reset. But, like Almas, I don't really care as long as the turnaround time is fast.</p>",
    "PostedDate": "2010-04-14T04:44:56.94-07:00",
    "UserRole": null,
    "MarkedAsAnswerDate": null
  }
]