[
  {
    "Id": "563135",
    "ThreadId": "245235",
    "Html": "\r\n<p>Hi,</p>\r\n<p>I am trying to create ecmascript'ish grammar using gplex and gppg however I am not sure how could I implement automatic semicolon insertion.</p>\r\n<p>(This works <strong>OK</strong>): For the moment I have added support for restricted statements (continue, break, return, throw) by extending scanner, to return ';' when newline/EOF is encountered after continue/break/return/throw. I took similar approach\r\n for '&#43;&#43;' and '--' (in this case I check for newline/EOF before the token, and if found I yyless(0) [to return -- or &#43;&#43; later] and return ';').</p>\r\n<p>(This work <strong>mostly</strong> - need more testing, but currently this seems to be OK): for statements continue, break, return, throw I have added similar rules to:</p>\r\n<p>continue_statement<br>\r\n&nbsp;&nbsp;&nbsp; :&nbsp;&nbsp;&nbsp; KeyContinue ';'<br>\r\n&nbsp;&nbsp;&nbsp; |&nbsp;&nbsp;&nbsp; KeyContinue Identifier ';'<br>\r\n&nbsp;&nbsp;&nbsp; |&nbsp;&nbsp;&nbsp; KeyContinue error&nbsp;&nbsp;&nbsp;&nbsp;&nbsp;&nbsp;&nbsp;&nbsp;&nbsp;&nbsp;&nbsp;&nbsp;&nbsp;&nbsp;&nbsp;&nbsp;&nbsp; { if (!IsValidAutoSemicolon()) { YYABORT; } yyerrok(); }<br>\r\n&nbsp;&nbsp;&nbsp; |&nbsp;&nbsp;&nbsp; KeyContinue Identifier error&nbsp;&nbsp;&nbsp; { if (!IsValidAutoSemicolon()) { YYABORT; } yyerrok(); }<br>\r\n&nbsp;&nbsp;&nbsp; ;</p>\r\n<p>The error token represents a location for semicolon, and if the next token is valid (newline, EOF or '}') then we assume that ';' was inserted and continue parsing.</p>\r\n<p>(This does <strong>NOT</strong> work): I tried using the same reasoning for statements like (the semantic action does not executed):</p>\r\n<p>expression_statement:<br>\r\n&nbsp;&nbsp;&nbsp; :&nbsp;&nbsp;&nbsp; expression_st ';'<br>\r\n&nbsp;&nbsp;&nbsp; |&nbsp;&nbsp;&nbsp; expression_st error&nbsp;&nbsp;&nbsp;&nbsp;&nbsp;&nbsp;&nbsp;&nbsp;&nbsp;&nbsp;&nbsp;&nbsp;&nbsp;&nbsp;&nbsp; { if (!IsValidAutoSemicolon()) { YYABORT; } yyerrok(); }<br>\r\n&nbsp;&nbsp;&nbsp; ;</p>\r\n<p>However when I am testing this grammar part (currently I am using a simple test, of expression being an Identifier) I get unrecoverable syntax error (Parse returns false as no action that accepts &quot;shift error&quot; was found).</p>\r\n<p>I am wondering if this is the intended behaviour? I have compiled a grammar showing the same behaviour:</p>\r\n<p><strong>lex:</strong></p>\r\n<p>%namespace TestError<br>\r\n%visibility internal<br>\r\n<br>\r\n%%<br>\r\n<br>\r\n&quot;a&quot;&nbsp;&nbsp;&nbsp;&nbsp; return 'a';<br>\r\n&quot;&#43;&quot;&nbsp;&nbsp;&nbsp;&nbsp; return '&#43;';<br>\r\n&quot;*&quot;&nbsp;&nbsp;&nbsp;&nbsp; return '*';<br>\r\n&quot;;&quot;&nbsp;&nbsp;&nbsp;&nbsp; return ';';<br>\r\n&quot;(&quot;&nbsp;&nbsp;&nbsp;&nbsp; return '(';<br>\r\n&quot;)&quot;&nbsp;&nbsp;&nbsp;&nbsp; return ')';<br>\r\n&quot;[&quot;&nbsp;&nbsp;&nbsp;&nbsp; return '[';<br>\r\n&quot;]&quot;&nbsp;&nbsp;&nbsp;&nbsp; return ']';</p>\r\n<hr>\r\n<p><strong>Y:</strong></p>\r\n<p>%partial<br>\r\n%namespace TestError<br>\r\n%start comp<br>\r\n%visibility internal<br>\r\n<br>\r\n%left '&#43;'<br>\r\n<br>\r\n%%<br>\r\n<br>\r\ncomp<br>\r\n&nbsp;&nbsp;&nbsp; :&nbsp;&nbsp; slist<br>\r\n&nbsp;&nbsp;&nbsp; ;<br>\r\n<br>\r\nslist<br>\r\n&nbsp;&nbsp;&nbsp; :&nbsp;&nbsp; /* empty */<br>\r\n&nbsp;&nbsp;&nbsp; |&nbsp;&nbsp; slist stm<br>\r\n&nbsp;&nbsp;&nbsp; ;<br>\r\n<br>\r\nstm<br>\r\n&nbsp;&nbsp;&nbsp; :&nbsp;&nbsp; expr ';'<br>\r\n&nbsp;&nbsp;&nbsp; |&nbsp;&nbsp; expr error<br>\r\n&nbsp;&nbsp;&nbsp; ;<br>\r\n<br>\r\nexpr<br>\r\n&nbsp;&nbsp;&nbsp; :&nbsp;&nbsp; secexpr<br>\r\n&nbsp;&nbsp;&nbsp; |&nbsp;&nbsp; expr '&#43;' expr<br>\r\n&nbsp;&nbsp;&nbsp; ;<br>\r\n<br>\r\nprimexpr<br>\r\n&nbsp;&nbsp;&nbsp; :&nbsp;&nbsp; literal<br>\r\n&nbsp;&nbsp;&nbsp; |&nbsp;&nbsp; primexpr '(' expr ')'<br>\r\n&nbsp;&nbsp;&nbsp; ;<br>\r\n<br>\r\nsecexpr<br>\r\n&nbsp;&nbsp;&nbsp; :&nbsp;&nbsp; primexpr<br>\r\n&nbsp;&nbsp;&nbsp; |&nbsp;&nbsp; secexpr '[' expr ']'<br>\r\n&nbsp;&nbsp;&nbsp; ;<br>\r\n<br>\r\nliteral<br>\r\n&nbsp;&nbsp;&nbsp; :&nbsp;&nbsp; 'a'<br>\r\n&nbsp;&nbsp;&nbsp; ;<br>\r\n<br>\r\n%%</p>\r\n<p>&nbsp;</p>\r\n<hr>\r\n<p>The input &quot;a&quot; [note missing ';'] generates error that &quot;Syntax error, unexpected EOF, expecting '(', or ';', or '&#43;', or error, or ')'&quot;. This however works fine if I use input: &quot;a&#43;a&quot;. It looks to be inconsistent behaviour (I assume this should be OK, as error\r\n recovery is guessing).</p>\r\n<p>I was trying to figure out what is going on and it looks like, the error recovery routine tries to find parse table entry that would correspond to &quot;shif\r\n<em>error</em>&quot;, however there is only entry for &quot;reduce on <em>error</em>&quot;. I was trying to look for yacc documenation describing behaviour in case of error recovery and it seems that gppg follows it correctly, however I did not test that with original yacc\r\n tools.</p>\r\n",
    "PostedDate": "2011-02-09T00:08:37.067-08:00",
    "UserRole": null,
    "MarkedAsAnswerDate": null
  },
  {
    "Id": "563235",
    "ThreadId": "245235",
    "Html": "\r\n<p>After having some thoughts I came to the following:<br>\r\n&nbsp;&nbsp;&nbsp;&nbsp;&nbsp; Error recovery could be modifed to try any action involving &quot;error&quot; (instead of simply searching for &quot;shift error&quot; could try reducing as well), and only then to fallback to original behaviour of shifting error and discarding tokens.</p>\r\n<p>As for the original issue: I think I will try hacking the ShiftReduceParser and change the default behaviour for Parse: if action==0 is encountered, then I will test whether I can use pseudo-Token AutoSemicolon to shift or reduce. Additionally I will modify\r\n my grammar to use AutoSemicolon in cases where I wanted to use token &quot;error&quot;.</p>\r\n<p>I don't think I will go for the first suggestion because I don't know what would be the implications of the change (should I file an enchancement for gppg?).</p>\r\n<p>Marius</p>\r\n",
    "PostedDate": "2011-02-09T03:47:33.09-08:00",
    "UserRole": null,
    "MarkedAsAnswerDate": null
  },
  {
    "Id": "564432",
    "ThreadId": "245235",
    "Html": "<p>Hi.&nbsp; I have not had much of a chance to look at the details here, but here is a trick that I have used in the past. The idea is</p>\r\n<p>Prod : Blah WeakSemi More ;</p>\r\n<p>WeakSemi : /* empty */&nbsp; { insert a virtual semicolon }</p>\r\n<p>&nbsp;&nbsp;&nbsp;&nbsp;&nbsp;&nbsp;&nbsp;&nbsp;&nbsp;&nbsp;&nbsp;&nbsp;&nbsp;&nbsp;&nbsp; | ';'&nbsp;&nbsp;&nbsp;&nbsp;&nbsp;&nbsp;&nbsp;&nbsp;&nbsp;&nbsp;&nbsp;&nbsp;&nbsp;&nbsp;&nbsp; { /* default shift action */ }</p>\r\n<p>&nbsp;&nbsp;&nbsp;&nbsp;&nbsp;&nbsp;&nbsp;&nbsp;&nbsp;&nbsp;&nbsp;&nbsp;&nbsp;&nbsp;&nbsp; ;</p>\r\n<p>Of course this can be tricky if you get a conflict on the weak semicolon non-terminal, but in that case the error action will be tricky also.</p>\r\n<p>Cheers</p>\r\n<p>John</p>",
    "PostedDate": "2011-02-10T23:47:22.843-08:00",
    "UserRole": null,
    "MarkedAsAnswerDate": null
  },
  {
    "Id": "564529",
    "ThreadId": "245235",
    "Html": "<p>Currently I have it implemented as I mentioned in the second post.</p>\r\n<p>Currently I have made the following changes:</p>\r\n<p>ShiftReduceParser.cs:</p>\r\n<p>...<br />#if TRACE_ACTIONS<br />&nbsp;&nbsp;&nbsp;&nbsp;&nbsp;&nbsp;&nbsp;&nbsp;&nbsp;&nbsp;&nbsp;&nbsp;&nbsp;&nbsp;&nbsp;&nbsp;&nbsp;&nbsp;&nbsp;&nbsp;&nbsp;&nbsp;&nbsp; Console.Error.WriteLine(\"Next token is {0}\", TerminalToString(NextToken));<br />#endif<br />&nbsp;&nbsp;&nbsp;&nbsp;&nbsp;&nbsp;&nbsp;&nbsp;&nbsp;&nbsp;&nbsp;&nbsp;&nbsp;&nbsp;&nbsp;&nbsp;&nbsp;&nbsp;&nbsp; if (FsaState.ParserTable.ContainsKey(NextToken))<br />&nbsp;&nbsp;&nbsp;&nbsp;&nbsp;&nbsp;&nbsp;&nbsp;&nbsp;&nbsp;&nbsp;&nbsp;&nbsp;&nbsp;&nbsp;&nbsp;&nbsp;&nbsp;&nbsp;&nbsp;&nbsp;&nbsp;&nbsp; action = FsaState.ParserTable[NextToken];<br /><br />ADDED: ---&gt; CustomParserAction(ref NextToken, ref action, FsaState); // this is declared as protected virtual void CustomParserAction(ref int, ref int, State) {}<br />&nbsp;&nbsp;&nbsp;&nbsp;&nbsp;&nbsp;&nbsp;&nbsp;&nbsp;&nbsp;&nbsp;&nbsp;&nbsp;&nbsp;&nbsp; }<br /><br />&nbsp;&nbsp;&nbsp;&nbsp;&nbsp;&nbsp;&nbsp;&nbsp;&nbsp;&nbsp;&nbsp;&nbsp;&nbsp;&nbsp;&nbsp; if (action &gt; 0)&nbsp;&nbsp;&nbsp;&nbsp;&nbsp;&nbsp;&nbsp;&nbsp; // shift<br />&nbsp;&nbsp;&nbsp;&nbsp;&nbsp;&nbsp;&nbsp;&nbsp;&nbsp;&nbsp;&nbsp;&nbsp;&nbsp;&nbsp;&nbsp; {<br />...</p>\r\n<p>Parser.cs:</p>\r\n<p>&nbsp;&nbsp;&nbsp;&nbsp;&nbsp;&nbsp;&nbsp; protected override void CustomParserAction(ref int nextToken, ref int action, QUT.Gppg.State state)<br />&nbsp;&nbsp;&nbsp;&nbsp;&nbsp;&nbsp;&nbsp; {<br />&nbsp;&nbsp;&nbsp;&nbsp;&nbsp;&nbsp;&nbsp;&nbsp;&nbsp;&nbsp;&nbsp; if (action == 0 &amp;&amp; Scanner is Scanner)<br />&nbsp;&nbsp;&nbsp;&nbsp;&nbsp;&nbsp;&nbsp;&nbsp;&nbsp;&nbsp;&nbsp; {<br />&nbsp;&nbsp;&nbsp;&nbsp;&nbsp;&nbsp;&nbsp;&nbsp;&nbsp;&nbsp;&nbsp;&nbsp;&nbsp;&nbsp;&nbsp; Scanner s = (Scanner)Scanner;<br /><br />&nbsp;&nbsp;&nbsp;&nbsp;&nbsp;&nbsp;&nbsp;&nbsp;&nbsp;&nbsp;&nbsp;&nbsp;&nbsp;&nbsp;&nbsp; var token = (int)Tokens.AutoSemicolon;<br />&nbsp;&nbsp;&nbsp;&nbsp;&nbsp;&nbsp;&nbsp;&nbsp;&nbsp;&nbsp;&nbsp;&nbsp;&nbsp;&nbsp;&nbsp; if (s.IsValidAutoSemicolonPosition<br />&nbsp;&nbsp;&nbsp;&nbsp;&nbsp;&nbsp;&nbsp;&nbsp;&nbsp;&nbsp;&nbsp;&nbsp;&nbsp;&nbsp;&nbsp;&nbsp;&nbsp;&nbsp;&nbsp; &amp;&amp; state.ParserTable.ContainsKey(token)<br />&nbsp;&nbsp;&nbsp;&nbsp;&nbsp;&nbsp;&nbsp;&nbsp;&nbsp;&nbsp;&nbsp;&nbsp;&nbsp;&nbsp;&nbsp;&nbsp;&nbsp;&nbsp;&nbsp; &amp;&amp; state.ParserTable[token] != 0)<br />&nbsp;&nbsp;&nbsp;&nbsp;&nbsp;&nbsp;&nbsp;&nbsp;&nbsp;&nbsp;&nbsp;&nbsp;&nbsp;&nbsp;&nbsp; {<br />&nbsp;&nbsp;&nbsp;&nbsp;&nbsp;&nbsp;&nbsp;&nbsp;&nbsp;&nbsp;&nbsp;&nbsp;&nbsp;&nbsp;&nbsp;&nbsp;&nbsp;&nbsp;&nbsp; nextToken = token;<br />&nbsp;&nbsp;&nbsp;&nbsp;&nbsp;&nbsp;&nbsp;&nbsp;&nbsp;&nbsp;&nbsp;&nbsp;&nbsp;&nbsp;&nbsp;&nbsp;&nbsp;&nbsp;&nbsp; s.PushBack();<br />&nbsp;&nbsp;&nbsp;&nbsp;&nbsp;&nbsp;&nbsp;&nbsp;&nbsp;&nbsp;&nbsp;&nbsp;&nbsp;&nbsp;&nbsp;&nbsp;&nbsp;&nbsp;&nbsp; action = state.ParserTable[token];<br />&nbsp;&nbsp;&nbsp;&nbsp;&nbsp;&nbsp;&nbsp;&nbsp;&nbsp;&nbsp;&nbsp;&nbsp;&nbsp;&nbsp;&nbsp; }<br />&nbsp;&nbsp;&nbsp;&nbsp;&nbsp;&nbsp;&nbsp;&nbsp;&nbsp;&nbsp;&nbsp; }<br />&nbsp;&nbsp;&nbsp;&nbsp;&nbsp;&nbsp;&nbsp; }</p>\r\n<p>&nbsp;</p>\r\n<p>The idea is that when action == 0 (no valid action - error) I check whether we can automatically insert semicolon (ECMA standard specifies exact conditions for that), if we can, set NextToken to AutoSemicolon (I am not using real semicolon, because if would mess up the for statement) and ask the parser to return the current token back (so yylex returned the same token again).</p>\r\n<p>This is hacky, however for the moment it works like a charm.</p>\r\n<p>I considered using optional semicolon, however I didn't want to deal with conflicts thus tried going error route.</p>\r\n<p>Marius</p>",
    "PostedDate": "2011-02-11T03:24:47.94-08:00",
    "UserRole": null,
    "MarkedAsAnswerDate": null
  }
]