[
  {
    "Id": "1469220",
    "ThreadId": "653294",
    "Html": "Hi, \r<br />\n<br />\nThanks GPPG  yours build a excelent parser generator tool.<br />\n<ol>\n<li>\nError in line ## but is in another line. (GPPG not count SemiColon and new Line).\r<br />\nWorkaround use Listing File. (Show Error in correct location).<br />\n</li>\n<li>\nSyntax error unexpect ????. Expected EOF or %% (Nearlly Semicolon)\r<br />\nWorkaround remove Semicolon and CRLF recently modified or added in editor and add newly semicolon and CRLF.<br />\n</li>\n</ol>\nthans a lot for your attention.<br />\n",
    "PostedDate": "2016-04-06T11:00:21.653-07:00",
    "UserRole": null,
    "MarkedAsAnswerDate": null
  },
  {
    "Id": "1469314",
    "ThreadId": "653294",
    "Html": "Hi adrua,\r<br />\n<br />\nwrite in the Epilog-Code-Section of the Parser-Specifiying-File something like this for your first Problem.<br />\n<pre><code>yylloc = new LexLocation(tokLin,tokCol,tokELin,tokECol);</code></pre>\n\n",
    "PostedDate": "2016-04-07T06:16:32.633-07:00",
    "UserRole": null,
    "MarkedAsAnswerDate": null
  }
]