[
  {
    "Id": "567300",
    "ThreadId": "246323",
    "Html": "\r\n<p>Might it not be worth including a gplex binary in the distribution? Just a thought. Thx&#43;&#43;, Jerry.</p>\r\n",
    "PostedDate": "2011-02-16T10:21:13.56-08:00",
    "UserRole": null,
    "MarkedAsAnswerDate": null
  },
  {
    "Id": "581277",
    "ThreadId": "246323",
    "Html": "<p>Hi</p>\r\n<p>Yes, this is a good idea.&nbsp; I will do this for future releases.</p>\r\n<p>John</p>",
    "PostedDate": "2011-03-16T03:01:18.55-07:00",
    "UserRole": null,
    "MarkedAsAnswerDate": null
  },
  {
    "Id": "594794",
    "ThreadId": "246323",
    "Html": "<p>Version 1.4.5 includes GPLEX.exe in the distribution.&nbsp;</p>",
    "PostedDate": "2011-04-09T21:21:31.06-07:00",
    "UserRole": null,
    "MarkedAsAnswerDate": null
  }
]