[
  {
    "Id": "917820",
    "ThreadId": "396981",
    "Html": "\r\n<p>I'd like to suggest to change in ShiftReduceParserCode.cs in the method Parse the code</p>\r\n<pre style=\"font-family:Consolas; font-size:13; color:black; background:white\">catch&nbsp;(Exception&nbsp;x)\r\n{\r\n&nbsp;&nbsp;&nbsp;&nbsp;if&nbsp;(x&nbsp;is&nbsp;AbortException)\r\n&nbsp;&nbsp;&nbsp;&nbsp;&nbsp;&nbsp;&nbsp;&nbsp;return&nbsp;false;\r\n&nbsp;&nbsp;&nbsp;&nbsp;else&nbsp;if&nbsp;(x&nbsp;is&nbsp;AcceptException)\r\n&nbsp;&nbsp;&nbsp;&nbsp;&nbsp;&nbsp;&nbsp;&nbsp;return&nbsp;true;\r\n&nbsp;&nbsp;&nbsp;&nbsp;else&nbsp;if&nbsp;(x&nbsp;is&nbsp;ErrorException&nbsp;&amp;&amp;&nbsp;!ErrorRecovery())\r\n&nbsp;&nbsp;&nbsp;&nbsp;&nbsp;&nbsp;&nbsp;&nbsp;return&nbsp;false;\r\n&nbsp;&nbsp;&nbsp;&nbsp;else\r\n&nbsp;&nbsp;&nbsp;&nbsp;&nbsp;&nbsp;&nbsp;&nbsp;throw;&nbsp;&nbsp;//&nbsp;Rethrow&nbsp;x,&nbsp;preserving&nbsp;information.\r\n \r\n}</pre>\r\n<p>to</p>\r\n<pre style=\"font-family:Consolas; font-size:13; color:black; background:white\">catch&nbsp;(AbortException)\r\n{\r\n&nbsp;&nbsp;&nbsp;&nbsp;return&nbsp;false;\r\n}\r\ncatch&nbsp;(AcceptException)\r\n{\r\n&nbsp;&nbsp;&nbsp;&nbsp;return&nbsp;true;\r\n}\r\ncatch&nbsp;(ErrorException)\r\n{\r\n&nbsp;&nbsp;&nbsp;&nbsp;if&nbsp;(!ErrorRecovery())\r\n&nbsp;&nbsp;&nbsp;&nbsp;&nbsp;&nbsp;&nbsp;&nbsp;return&nbsp;false;\r\n&nbsp;&nbsp;&nbsp;&nbsp;else&nbsp;throw;\r\n}\r\n<br></pre>\r\n<p>Both should do the same (if I made no mistake), but the latter makes it easier to find the source of exceptions in semantic actions. This is because for an exception thrown in a semantic action the debugger (when configured to break on user-unhandled exceptions)\r\n will break in the semantic action and not at the throw statement in the Parse method.</p>\r\n<p>Thanks.</p>\r\n",
    "PostedDate": "2012-09-26T06:25:32.463-07:00",
    "UserRole": null,
    "MarkedAsAnswerDate": null
  },
  {
    "Id": "920244",
    "ThreadId": "396981",
    "Html": "<p>Hi Martin. &nbsp;Thanks for the suggestion. &nbsp;Yes, this is an improvement, I will put it in the next refresh, which will be real soon now.</p>",
    "PostedDate": "2012-10-01T15:01:24.893-07:00",
    "UserRole": null,
    "MarkedAsAnswerDate": null
  },
  {
    "Id": "1421909",
    "ThreadId": "396981",
    "Html": "Hi again Martin\r<br />\nThank you for the reminder.  I have installed the fix.  I will get a new distribution out soon.\r<br />\nJohn<br />\n",
    "PostedDate": "2015-04-30T15:19:07.147-07:00",
    "UserRole": null,
    "MarkedAsAnswerDate": null
  },
  {
    "Id": "1427647",
    "ThreadId": "396981",
    "Html": "Thank you!<br />\n",
    "PostedDate": "2015-05-26T07:37:37.467-07:00",
    "UserRole": null,
    "MarkedAsAnswerDate": null
  }
]