[
  {
    "Id": "273986",
    "ThreadId": "79974",
    "Html": "<p>Are there any example projects that show how these two work together. I'm trying to convert a PowerBuilder application to ASP.Net and I want to automate as much of the process as I can.</p>",
    "PostedDate": "2010-01-06T13:18:32.3-08:00",
    "UserRole": null,
    "MarkedAsAnswerDate": null
  },
  {
    "Id": "275021",
    "ThreadId": "79974",
    "Html": "<p>Yes.&nbsp;&nbsp; Both gplex and gppg use parsers and scanners generated by the tools.&nbsp; The downloads contain all the sources including the files gplex.y, gplex.lex, gppg.y and gppg.lex.&nbsp;&nbsp;</p>",
    "PostedDate": "2010-01-08T17:08:18.863-08:00",
    "UserRole": null,
    "MarkedAsAnswerDate": null
  },
  {
    "Id": "275303",
    "ThreadId": "79974",
    "Html": "Thanks, I found the files after my post. I also found an example LolCode. (It uses an earlier version.)<br><br>\r\n<div>On Fri, Jan 8, 2010 at 8:08 PM, k_john_gough <span dir=ltr>&lt;<a href=\"mailto:notifications@codeplex.com\">notifications@codeplex.com</a>&gt;</span> wrote:<br>\r\n<blockquote style=\"border-left:#ccc 1px solid;margin:0px 0px 0px 0.8ex;padding-left:1ex\">\r\n<div>\r\n<p>From: k_john_gough</p>\r\n<div>\r\n<p>Yes.   Both gplex and gppg use parsers and scanners generated by the tools.  The downloads contain all the sources including the files gplex.y, gplex.lex, gppg.y and gppg.lex.  </p></div>\r\n<div>\r\n<p>Read the <a href=\"http://gppg.codeplex.com/Thread/View.aspx?ThreadId=79974&ANCHOR#Post275021\">full discussion online</a>.</p>\r\n<p>To add a post to this discussion, reply to this email (<a href=\"mailto:gppg@discussions.codeplex.com?subject=[gppg:79974]\">gppg@discussions.codeplex.com</a>)</p>\r\n<p>To start a new discussion for this project, email <a href=\"mailto:gppg@discussions.codeplex.com\">gppg@discussions.codeplex.com</a></p>\r\n<p>You are receiving this email because you subscribed to this discussion on CodePlex. You can <a href=\"http://www.codeplex.com/site/discussions/thread/unsubscribe/79974\">unsubscribe</a> on CodePlex.com.</p>\r\n\r\n<p>Please note: Images and attachments will be removed from emails. Any posts to this discussion will also be available online at CodePlex.com</p></div></div></blockquote></div><br>",
    "PostedDate": "2010-01-10T02:26:31.377-08:00",
    "UserRole": null,
    "MarkedAsAnswerDate": null
  }
]