[
  {
    "Id": "1469323",
    "ThreadId": "653333",
    "Html": "Hi,\r<br />\n<br />\ni've got a problem with my some of my rules of my grammar.\r<br />\n<br />\nThe grammar is like the following:<br />\n<pre><code>defLINES : carrRet\n         | defLine carrRet\n         | defLines defLine carrRet\n         ;\n\ndefLine  : error carrRet                             {yyerrok();}\n         | &quot;DEF&quot; kwType attrbt ID\n         | &quot;DEF&quot; kwType ID fieldSuff\n         ;\n\nkwType   : &quot;INT&quot;\n         | &quot;REAL&quot;\n         ;\n\nfieldSuff : &quot;[&quot; expr &quot;]&quot;\n         | &quot;[&quot; expr &quot;,&quot; expr &quot;]&quot;\n         ;\n\nattrbt   : /* nothing */\n         | &quot;PHU&quot; intValue\n         ;</code></pre>\n\nWith the Input to check:<br />\n<pre><code>DEF INT testvar1\nDEF REAL testvar2</code></pre>\n\nFor this Input the second rule of the production with the head &quot;defLine&quot; should be used.\r<br />\n<br />\nWhy doesn't it? The third rule will always be used and throws an error <br />\n<pre><code>Unexpected 'carRet', '[' expected.</code></pre>\n\nThanks a lot for help,\r<br />\nAlex<br />\n",
    "PostedDate": "2016-04-07T06:39:56.017-07:00",
    "UserRole": null,
    "MarkedAsAnswerDate": null
  },
  {
    "Id": "1469328",
    "ThreadId": "653333",
    "Html": "I think there is a shift/reduce-conflict, but I don't know how to solve it.\r<br />\n<br />\nThis is the output in the .conflicts-file:<br />\n<pre><code>\nShift/Reduce conflict on symbol &quot;ID&quot;, parser will shift\n Reduce 65: attrbt -&gt; /* empty */\n Shift &quot;ID&quot;:    State-481 -&gt; State-488\n  Items for From-state State 481\n    35 defLINE: &quot;DEF&quot; kwType . attrbt ID \n    36 defLINE: &quot;DEF&quot; kwType . ID fieldSuff\n  Items for Next-state State 488\n    36 defLINE: &quot;DEF&quot; kwType ID . fieldSuff</code></pre>\n\nI hope, this helps to find a solution... Thanks!<br />\n",
    "PostedDate": "2016-04-07T07:14:18.393-07:00",
    "UserRole": null,
    "MarkedAsAnswerDate": null
  }
]