[
  {
    "Id": "1308317",
    "ThreadId": "568419",
    "Html": "Hello,\r<br />\n<br />\nI was using grammars working with old Mortice Kern Systems in C. I have translated one project in C# with GPLEX/GPPG , and it's all working, thanks a lot!\r<br />\n<br />\nBut with my second project, I don't know what happens GPLEX is OK, but GPPG goes to 100% CPU and nothing happens.\r<br />\n<br />\nGPPG /no-lines /verbose /report o3.y &gt; o3.cs\r<br />\n<br />\nyou can load o3.y <a href=\"http://dl.free.fr/nZ5vO74NG\" rel=\"nofollow\">http://dl.free.fr/nZ5vO74NG</a>\r<br />\n<br />\nif somebody could help me, it will be great, because I don't know where to search, something has to be wrong but ...\r<br />\n<br />\nThanks,<br />\n",
    "PostedDate": "2014-09-26T03:44:46.587-07:00",
    "UserRole": null,
    "MarkedAsAnswerDate": null
  },
  {
    "Id": "1308659",
    "ThreadId": "568419",
    "Html": "Hi LIPA\r<br />\nI shall have a look at it, and let you know what I find.\r<br />\nJohn<br />\n",
    "PostedDate": "2014-09-27T18:08:41.527-07:00",
    "UserRole": null,
    "MarkedAsAnswerDate": null
  },
  {
    "Id": "1308699",
    "ThreadId": "568419",
    "Html": "The issue is caused by erroneous input.  There is a bug in the GPPG's scanner (created by GPLEX).  If it finds an extra &quot;%%&quot; at the end of the optional epilog the scanner loops.  I will fix this bug in the next refresh.<br />\nSorry to users for the lack of proper error diagnosis in this case.\r<br />\nJohn<br />\n",
    "PostedDate": "2014-09-28T04:14:50.12-07:00",
    "UserRole": null,
    "MarkedAsAnswerDate": null
  },
  {
    "Id": "1308700",
    "ThreadId": "568419",
    "Html": "Hi John,\r<br />\n<br />\nThank you very much for this quick answer, evrything is running fine now.\r<br />\n<br />\nLionel<br />\n",
    "PostedDate": "2014-09-28T04:26:36.25-07:00",
    "UserRole": null,
    "MarkedAsAnswerDate": null
  }
]