[
  {
    "Id": "1093291",
    "ThreadId": "457107",
    "Html": "I created a basic Yacc grammar, however, when I try to compile it using gppg, I get the following errors:<br />\n<pre><code>Shift/Reduce conflict, state 0 on NOTOPERAND\nShift/Reduce conflict, state 0 on LEFT_PAREN\nShift/Reduce conflict, state 0 on LITERAL\nShift/Reduce conflict, state 0 on EXPRESSION</code></pre>\n\nThe parser (with semantic actions removed) looks like this:<br />\n<pre><code>program: parameterList\n             ;\n             \nparameterList: /* empty */\n             | parameter\n             | parameterList parameter\n             ;\n\nparameter: parameter CONJUNCTION criterion\n         | parameter DISJUNCTION criterion\n         | criterion\n         ;\n\ncriterion: NOTOPERAND criterion\n         | LEFT_PAREN criterion RIGHT_PAREN\n         | LITERAL\n         | EXPRESSION\n         ;</code></pre>\n\nI don't understand why those shift/reduce errors are being thrown.Any help would be appreciated.<br />\n",
    "PostedDate": "2013-09-16T13:05:04.71-07:00",
    "UserRole": null,
    "MarkedAsAnswerDate": null
  },
  {
    "Id": "1100195",
    "ThreadId": "457107",
    "Html": "A Shift/Reduce conflict is a conflict where the parser has two options:<br />\n<ul>\n<li>continuing adding charaters before folding.</li>\n<li>\nFolding immediately<br />\n</li>\n</ul>\nFor instance:<br />\n<pre><code>EXPRESSION DISJUNCTION EXPRESSION</code></pre>\n\nThis can be parsed using in a large number of structures: for instance:<br />\n<pre><code>parameter(criterion(EXPRESSION),DISJUNCTION,cirterion(EXPRESSION))\nparameter(parameter(criterion(EXPRESSION)),DISJUNCTION,criterion(EXPRESSION))\nparameter(parameter(criterion(EXPRESSION)),DISJUNCTION,parameter(criterion(EXPRESSION)))\n...</code></pre>\n\nYou see it can be nested infinitely deep:<br />\n<pre><code>(parameter(parameter(...(parameter(criterion(EXPRESSION))...)))</code></pre>\n\nShifting means you will add another token, reducing means you will close the level and process one level up. This means that if you give reducing priority, you will end up with infinite deep recursion.\r<br />\n<br />\nTherefore a LALR parser gives priority to Shift instead of Reduce operations. A shift/reduce conflict is not an error, it is a warning that you should validate the parser will act like it is supposed to be.\r<br />\n<br />\nOnly Reduce/Reduce conflicts give errors.<br />\n",
    "PostedDate": "2013-09-27T09:50:29.79-07:00",
    "UserRole": null,
    "MarkedAsAnswerDate": null
  }
]