[
  {
    "Id": "1320533",
    "ThreadId": "571680",
    "Html": "Hi, everybody\r<br />\nI have several closely related grammars with common lexer rules.\r<br />\nI want merge their. How I can do this?\r<br />\nFor example, I would like manually set up parser state in required state and begin parse from this specified state. Is this possible? Could you provide any examples for this?\r<br />\nThanks<br />\n",
    "PostedDate": "2014-11-10T04:21:12.683-08:00",
    "UserRole": null,
    "MarkedAsAnswerDate": null
  },
  {
    "Id": "1320535",
    "ThreadId": "571680",
    "Html": "I found some examples with pseudo start-symbols like this\r<br />\n<a href=\"http://stackoverflow.com/questions/18594960/make-bison-start-parsing-with-a-rule-other-than-the-start-rule\" rel=\"nofollow\">http://stackoverflow.com/questions/18594960/make-bison-start-parsing-with-a-rule-other-than-the-start-rule</a>\r<br />\nand this\r<br />\n<a href=\"http://www.gnu.org/software/bison/manual/html_node/Multiple-start_002dsymbols.html\" rel=\"nofollow\">http://www.gnu.org/software/bison/manual/html_node/Multiple-start_002dsymbols.html</a>\r<br />\nbut I think that use tokens for switch the start rule not very good solution.\r<br />\nThanks<br />\n",
    "PostedDate": "2014-11-10T04:28:49.427-08:00",
    "UserRole": null,
    "MarkedAsAnswerDate": null
  }
]