[
  {
    "Id": "707484",
    "ThreadId": "281835",
    "Html": "<p>Hi !</p>\n<p>I'm writing a compiler for a PASCAL-like language. When I tried to <br />parse a program containing a CASE-statement I got a syntax error <br />where there isn't any. The grammar is quite big so I've included<br />only those parts that I think are relevant to the problem.</p>\n<p>&nbsp;</p>\n<p>subrange&nbsp;&nbsp;&nbsp;&nbsp;&nbsp;&nbsp;&nbsp; : expression DOTDOT expression&nbsp; <br />&nbsp;&nbsp;&nbsp;&nbsp;&nbsp;&nbsp;&nbsp;&nbsp;&nbsp;&nbsp;&nbsp;&nbsp;&nbsp;&nbsp;&nbsp;&nbsp;&nbsp;&nbsp;&nbsp;&nbsp;&nbsp; ;</p>\n<p>statement_list&nbsp; : statement ';'&nbsp;&nbsp;<br />&nbsp;&nbsp;&nbsp;&nbsp;&nbsp;&nbsp;&nbsp;&nbsp;&nbsp;&nbsp;&nbsp;&nbsp;&nbsp;&nbsp;&nbsp;&nbsp;&nbsp;&nbsp;&nbsp;&nbsp;&nbsp;|&nbsp;statement_list statement ';'&nbsp;&nbsp;&nbsp; <br />&nbsp;&nbsp;&nbsp;&nbsp;&nbsp;&nbsp;&nbsp;&nbsp;&nbsp;&nbsp;&nbsp;&nbsp;&nbsp;&nbsp;&nbsp;&nbsp;&nbsp;&nbsp;&nbsp;&nbsp; ;</p>\n<p>statement&nbsp;&nbsp;&nbsp;&nbsp;&nbsp;&nbsp; : CASE expression OF<br />&nbsp;&nbsp;&nbsp;&nbsp;&nbsp;&nbsp;&nbsp;&nbsp;&nbsp;&nbsp;&nbsp;&nbsp;&nbsp;&nbsp;&nbsp;&nbsp;&nbsp;&nbsp;&nbsp;&nbsp;&nbsp;&nbsp;&nbsp;&nbsp;&nbsp;&nbsp; case_element_list<br />&nbsp;&nbsp;&nbsp;&nbsp;&nbsp;&nbsp;&nbsp;&nbsp;&nbsp;&nbsp;&nbsp;&nbsp;&nbsp;&nbsp;&nbsp;&nbsp;&nbsp;&nbsp;&nbsp;&nbsp;&nbsp;&nbsp;&nbsp;&nbsp;&nbsp;&nbsp; opt_default_stat<br />&nbsp;&nbsp;&nbsp;&nbsp;&nbsp;&nbsp;&nbsp;&nbsp;&nbsp;&nbsp;&nbsp;&nbsp;&nbsp;&nbsp;&nbsp;&nbsp;&nbsp;&nbsp;&nbsp;&nbsp;&nbsp;&nbsp; END_CASE <br />&nbsp;&nbsp;&nbsp;&nbsp;&nbsp;&nbsp;&nbsp;&nbsp;&nbsp;&nbsp;&nbsp;&nbsp;&nbsp;&nbsp;&nbsp;&nbsp;&nbsp;&nbsp;&nbsp;&nbsp; | assign_stat<br />&nbsp;&nbsp;&nbsp;&nbsp;&nbsp;&nbsp;&nbsp;&nbsp;&nbsp;&nbsp;&nbsp;&nbsp;&nbsp;&nbsp;&nbsp;&nbsp;&nbsp;&nbsp;&nbsp;&nbsp; | . . .<br />&nbsp;&nbsp;&nbsp;&nbsp;&nbsp;&nbsp;&nbsp;&nbsp;&nbsp;&nbsp;&nbsp;&nbsp;&nbsp;&nbsp;&nbsp;&nbsp;&nbsp;&nbsp;&nbsp;&nbsp; | . . .<br />&nbsp;&nbsp;&nbsp;&nbsp;&nbsp;&nbsp;&nbsp;&nbsp;&nbsp;&nbsp;&nbsp;&nbsp;&nbsp;&nbsp;&nbsp;&nbsp;&nbsp;&nbsp;&nbsp;&nbsp; | . . .<br />&nbsp;&nbsp;&nbsp;&nbsp;&nbsp;&nbsp;&nbsp;&nbsp;&nbsp;&nbsp;&nbsp;&nbsp;&nbsp;&nbsp;&nbsp;&nbsp;&nbsp;&nbsp;&nbsp;&nbsp; | /* other statements */<br />&nbsp;&nbsp;&nbsp;&nbsp;&nbsp;&nbsp;&nbsp;&nbsp;&nbsp;&nbsp;&nbsp;&nbsp;&nbsp;&nbsp;&nbsp;&nbsp;&nbsp;&nbsp;&nbsp;&nbsp; ;</p>\n<p>case_element&nbsp;&nbsp;: case_label_list ':' statement_list&nbsp;<br />&nbsp;&nbsp;&nbsp;&nbsp;&nbsp;&nbsp;&nbsp;&nbsp;&nbsp;&nbsp;&nbsp;&nbsp;&nbsp;&nbsp;&nbsp;&nbsp;&nbsp;&nbsp;&nbsp;&nbsp;&nbsp;;</p>\n<p>case_element_list&nbsp; <br />&nbsp;&nbsp;&nbsp;&nbsp;&nbsp;&nbsp;&nbsp;&nbsp;&nbsp;&nbsp;&nbsp;&nbsp;&nbsp;&nbsp;&nbsp;&nbsp;&nbsp;&nbsp;&nbsp;&nbsp; : case_element&nbsp;&nbsp;&nbsp;&nbsp;&nbsp;&nbsp;&nbsp;&nbsp;&nbsp;&nbsp;&nbsp;&nbsp;&nbsp;&nbsp;&nbsp; <br />&nbsp;&nbsp;&nbsp;&nbsp;&nbsp;&nbsp;&nbsp;&nbsp;&nbsp;&nbsp;&nbsp;&nbsp;&nbsp;&nbsp;&nbsp;&nbsp;&nbsp;&nbsp;&nbsp;&nbsp; | case_element_list case_element<br />&nbsp;&nbsp;&nbsp;&nbsp;&nbsp;&nbsp;&nbsp;&nbsp;&nbsp;&nbsp;&nbsp;&nbsp;&nbsp;&nbsp;&nbsp;&nbsp;&nbsp;&nbsp;&nbsp;&nbsp;&nbsp;;</p>\n<p>case_label&nbsp;&nbsp;&nbsp;&nbsp;&nbsp; : expression<br />&nbsp;&nbsp;&nbsp;&nbsp;&nbsp;&nbsp;&nbsp;&nbsp;&nbsp;&nbsp;&nbsp;&nbsp;&nbsp;&nbsp;&nbsp;&nbsp;&nbsp;&nbsp;&nbsp;&nbsp; | subrange&nbsp; <br />&nbsp;&nbsp;&nbsp;&nbsp;&nbsp;&nbsp;&nbsp;&nbsp;&nbsp;&nbsp;&nbsp;&nbsp;&nbsp;&nbsp;&nbsp;&nbsp;&nbsp;&nbsp;&nbsp;&nbsp; ;</p>\n<p>case_label_list : case_label<br />&nbsp;&nbsp;&nbsp;&nbsp;&nbsp;&nbsp;&nbsp;&nbsp;&nbsp;&nbsp;&nbsp;&nbsp;&nbsp;&nbsp;&nbsp;&nbsp;&nbsp;&nbsp;&nbsp;&nbsp; | case_label_list ',' case_label&nbsp;&nbsp;&nbsp;&nbsp;&nbsp;&nbsp;&nbsp;&nbsp;&nbsp;&nbsp; <br />&nbsp;&nbsp;&nbsp;&nbsp;&nbsp;&nbsp;&nbsp;&nbsp;&nbsp;&nbsp;&nbsp;&nbsp;&nbsp;&nbsp;&nbsp;&nbsp;&nbsp;&nbsp;&nbsp;&nbsp; ;</p>\n<p>opt_default_stat<br />&nbsp;&nbsp;&nbsp;&nbsp;&nbsp;&nbsp;&nbsp;&nbsp;&nbsp;&nbsp;&nbsp;&nbsp;&nbsp;&nbsp;&nbsp;&nbsp;&nbsp;&nbsp;&nbsp;&nbsp; : ELSE statement_list<br />&nbsp;&nbsp;&nbsp;&nbsp;&nbsp;&nbsp;&nbsp;&nbsp;&nbsp;&nbsp;&nbsp;&nbsp;&nbsp;&nbsp;&nbsp;&nbsp;&nbsp;&nbsp;&nbsp;&nbsp; | ELSE error<br />&nbsp;&nbsp;&nbsp;&nbsp;&nbsp;&nbsp;&nbsp;&nbsp;&nbsp;&nbsp;&nbsp;&nbsp;&nbsp;&nbsp;&nbsp;&nbsp;&nbsp;&nbsp;&nbsp; &nbsp;|<br />&nbsp;&nbsp;&nbsp;&nbsp;&nbsp;&nbsp;&nbsp;&nbsp;&nbsp;&nbsp;&nbsp;&nbsp;&nbsp;&nbsp;&nbsp;&nbsp;&nbsp;&nbsp;&nbsp;&nbsp; ;</p>\n<hr />\n<p>&nbsp;</p>\n<p>Here is a piece of the sample program I tried to parse:</p>\n<p>&nbsp;&nbsp;&nbsp; <strong>CASE</strong> aColor <strong>OF</strong><br />&nbsp;&nbsp;&nbsp;&nbsp;&nbsp; BLUE, RED, BLACK..SILVER : <br />&nbsp;&nbsp;&nbsp;&nbsp;&nbsp;&nbsp;&nbsp; value := 3.0*a**2 - 2.0*b**2;<br />&nbsp;&nbsp;&nbsp;&nbsp;&nbsp; YELLOW, ORANGE:<br />&nbsp;&nbsp;&nbsp;&nbsp;&nbsp;&nbsp;&nbsp; value := 2.0*a**2 + 3.0*b**2;<br />&nbsp;&nbsp;&nbsp; <strong>END_CASE</strong>;</p>\n<p>The first case_element is parsed correctly, but when the parser reads<br />the comma after YELLOW in the second case_element I get a syntax error.<br />The rule has one Shift/Reduce conflict on input symbol IDENT. If there is a <br />bug in the grammar, I just can't see it. Any idea on what is causing the <br />problem?</p>",
    "PostedDate": "2011-12-05T05:11:51.963-08:00",
    "UserRole": null,
    "MarkedAsAnswerDate": null
  },
  {
    "Id": "708697",
    "ThreadId": "281835",
    "Html": "<p>hi cybernaut</p>\r\n<p>I'll have a look at it in the next few days.&nbsp; It is possible that it is a bug, but possibly also a grammar problem.</p>\r\n<p>John</p>",
    "PostedDate": "2011-12-07T03:05:41.333-08:00",
    "UserRole": null,
    "MarkedAsAnswerDate": null
  },
  {
    "Id": "708772",
    "ThreadId": "281835",
    "Html": "<p>Ok, thank you very much.</p>\r\n<p>It seems that it's only when case_label_list starts with an identifier<br />that there is a syntax error (after the first case_element).&nbsp; However, <br />if the list starts with an integer, or integer subrange, there is no <br />syntax error.</p>",
    "PostedDate": "2011-12-07T06:04:44.237-08:00",
    "UserRole": null,
    "MarkedAsAnswerDate": null
  },
  {
    "Id": "709163",
    "ThreadId": "281835",
    "Html": "<p>Hi again</p>\r\n<p>OK, the issue is a simple grammar bug.&nbsp; GPPG parsers must work with only a single symbol of lookahead.&nbsp; So consider the following phrase ...</p>\r\n<p>CASE foo OF&nbsp;blah: a := b; blah2</p>\r\n<p>Now at this state one whole case element may be complete. That is the case if the next token is ',' or ':'.&nbsp; That isn't the case if the next token is (say) \":=\", or '('. So the issue is ... in this grammar how do you know when a case element ends and a new case element starts?&nbsp; Note that for the four examples I have given TWO tokens of lookahead are enough.&nbsp; However what if you have a.b.c.d.e.f(blah, blah blah).&nbsp; There is potentially an unbounded lookahead required.</p>\r\n<p>This is why most pascal grammars require a distinguishing mark, such as '|' to mark the separation, and ANSI C (in switch statements) keep needing \"case\".</p>\r\n<p>So the solution is to introduce a marker token to that a single lookahead is enough.&nbsp; While you are at it, you might find is useful to allow for empty case_elements, and even empty case_element_lists.&nbsp; I know it sounds crazy, who would write a case statement with zero cases?&nbsp; Well it turns out that lots of programs that automatically generate source code from other input produce unnatural code like this.&nbsp; I have been caught!</p>\r\n<p>Hope this helps, good luck with the project.</p>\r\n<p>John</p>",
    "PostedDate": "2011-12-07T23:22:00.283-08:00",
    "UserRole": null,
    "MarkedAsAnswerDate": null
  },
  {
    "Id": "709260",
    "ThreadId": "281835",
    "Html": "<p>Thanks again for your help, John.</p>\r\n<p>I suspected that was the problem. Using a special token to mark the <br />end of a case_element solves the problem. Unfortunately, I'm not really <br />allowed to do that because the language I'm working on is Structured Text,<br />which is one the languages supported by the IEC 61131-3 standard. I've read<br />that it is possible to rewrite an LR(k) grammar so that it is LR(1), but <br />I'm not sure how to do that. The easiest thing to do is ignore the standard <br />and add that special token.</p>",
    "PostedDate": "2011-12-08T04:43:53.73-08:00",
    "UserRole": null,
    "MarkedAsAnswerDate": null
  },
  {
    "Id": "710412",
    "ThreadId": "281835",
    "Html": "<p>Hi cybernaut.</p>\r\n<p>Well, putting in a divider symbol is best if you own the grammar.&nbsp; However, if that is not the case there are a couple of tricks you might consider. Firstly, note that without the marker the grammar is still deterministic, it just requires a lookahead which does not have a constant bound.&nbsp; If you just write some ad hoc code that reads symbols ahead until you find a symbol that settles the question it is easy.&nbsp; In order to do this though you need to be able to push symbols back into the scanner.&nbsp; Hanspeter Moessenboeck talks about how to do this with the latest version of COCO/R.&nbsp; Worth a look.&nbsp; In fact using COCO/R would be one attack on the problem, given that COCO/R is designed to do this kind of trick.&nbsp; However, it means changing from bottom-up parsing to recursive descent.</p>\r\n<p>The other attack would be to hack on the scanner to allow push back of symbols, and do something like the following:</p>\r\n<p>You need to hack the grammar a bit so that there is a semantic action that you can call every time you complete a&nbsp; statement recognition inside a case_element.&nbsp; The semantic action sucks up tokens from the scanner until it can tell whether it is the real end or not. Either way ALL of the symbols get pushed back, but if your code figured that it really was the end of the case_element you push back a dummy marker symbol on top.&nbsp;</p>\r\n<p>If you really want to go down this path let me know, I<em> think </em>that I can figure out a grammar hack to do it, but I'll never know unless I try.</p>\r\n<p>John</p>",
    "PostedDate": "2011-12-10T20:41:47.927-08:00",
    "UserRole": null,
    "MarkedAsAnswerDate": null
  },
  {
    "Id": "710602",
    "ThreadId": "281835",
    "Html": "<p>Hi John,</p>\r\n<p>Hacking the scanner and grammar is probably the easiest thing to do because switching to <br />recursive descent parsing would require a lot more work. I think have a general idea <br />of how to make it work and I'll try to get started on it as soon as I can.</p>",
    "PostedDate": "2011-12-11T13:01:05.183-08:00",
    "UserRole": null,
    "MarkedAsAnswerDate": null
  },
  {
    "Id": "712005",
    "ThreadId": "281835",
    "Html": "<p>I think I got something that works. It didn't require that much code.<br />I added the methods GetNextToken(), DoPushBack() and a prolog to <br />the scanner.</p>\n<p>The method GetNextToken() reads a token from the input, which is<br />stored in the token buffer together with the current value of yylval<br />and yylloc.</p>\n<p>public Tokens GetNextToken()<br />{<br />&nbsp;&nbsp;&nbsp; TokenData token = new TokenData();<br />&nbsp;&nbsp;&nbsp; token.Enum = (Tokens)this.yylex();<br />&nbsp;&nbsp;&nbsp; token.Value = this.yylval;<br />&nbsp;&nbsp;&nbsp; token.Location = this.yylloc;<br />&nbsp;&nbsp;&nbsp; this.tokenBuffer.Add(token);<br />&nbsp;&nbsp;&nbsp; return token.Enum;<br />}</p>\n<p>public void DoPushBack(bool doPushDummyToken)<br />{<br />&nbsp;&nbsp;&nbsp; if (doPushDummyToken)<br />&nbsp;&nbsp;&nbsp;&nbsp;&nbsp;&nbsp;&nbsp; this.tokenBuffer.Insert(0, dummyToken); <br />&nbsp;&nbsp;&nbsp; this.doPushBack = true;<br />}</p>\n<p>I put this code in the scanner prolog. It sets yylval and yylloc to<br />the values stored in the token buffer and returns the corresponding<br />enumerated value.</p>\n<p>%{<br />&nbsp;&nbsp;&nbsp; // Scanner prolog<br />&nbsp;&nbsp;&nbsp; if (this.doPushBack)<br />&nbsp;&nbsp;&nbsp; {<br />&nbsp;&nbsp;&nbsp;&nbsp;&nbsp;&nbsp;&nbsp; TokenData token = this.tokenBuffer[0];<br />&nbsp;&nbsp;&nbsp;&nbsp;&nbsp;&nbsp;&nbsp; this.yylval = token.Value;<br />&nbsp;&nbsp;&nbsp;&nbsp;&nbsp;&nbsp;&nbsp; this.yylloc = token.Location;<br />&nbsp;&nbsp;&nbsp;&nbsp;&nbsp;&nbsp;&nbsp; this.tokenBuffer.RemoveAt(0);<br />&nbsp;&nbsp;&nbsp;&nbsp;&nbsp;&nbsp;&nbsp; this.doPushBack = this.tokenBuffer.Count &gt; 0;<br />&nbsp;&nbsp;&nbsp;&nbsp;&nbsp;&nbsp;&nbsp; return (int)token.Enum;<br />&nbsp;&nbsp;&nbsp; }<br />%}</p>\n<p>In the grammar file I added the rule case_stat_list. When a statement is reduced<br />it calls the method CheckForEndOfCaseStatList(), which reads one or more tokens <br />(using GetNextToken()) to determine whether or not the end of case_stat_list has <br />been reached. The method then calls the DoPushBack() method with the flag <br />doPushDummyToken set accordingly.</p>\n<p>case_stat_list&nbsp; : statement ';'&nbsp;&nbsp;&nbsp;&nbsp;&nbsp;&nbsp;&nbsp;&nbsp;&nbsp;&nbsp;&nbsp;&nbsp;&nbsp;&nbsp;&nbsp;&nbsp;&nbsp;&nbsp; &nbsp;{this.CheckForEndOfCaseStatList();}<br />&nbsp;&nbsp;&nbsp;&nbsp;&nbsp;&nbsp;&nbsp;&nbsp;&nbsp;&nbsp;&nbsp;&nbsp;&nbsp;&nbsp;&nbsp;&nbsp;&nbsp;&nbsp; &nbsp;| case_stat_list statement ';' {this.CheckForEndOfCaseStatList();}<br />&nbsp;&nbsp;&nbsp;&nbsp;&nbsp;&nbsp;&nbsp;&nbsp;&nbsp;&nbsp;&nbsp;&nbsp;&nbsp;&nbsp;&nbsp;&nbsp;&nbsp;&nbsp;&nbsp;&nbsp;;</p>\n<p>I use the dummy token <strong>WHEN</strong> to mark the beginning of a case_element</p>\n<p>case_element&nbsp;&nbsp;&nbsp; : <strong>WHEN</strong> case_label_list ':' case_stat_list <br />&nbsp;&nbsp;&nbsp;&nbsp;&nbsp;&nbsp;&nbsp;&nbsp;&nbsp;&nbsp;&nbsp;&nbsp;&nbsp;&nbsp;&nbsp;&nbsp;&nbsp;&nbsp;&nbsp;&nbsp;&nbsp;&nbsp; | <strong>WHEN</strong> error ':' case_stat_list<br />&nbsp;&nbsp;&nbsp;&nbsp;&nbsp;&nbsp;&nbsp;&nbsp;&nbsp;&nbsp;&nbsp;&nbsp;&nbsp;&nbsp;&nbsp;&nbsp;&nbsp;&nbsp;&nbsp;&nbsp;&nbsp;&nbsp; ;</p>\n<hr />\n<p>Thank you very much for your help, John. I wouldn't have been able fix this <br />problem without your assistance.</p>",
    "PostedDate": "2011-12-14T01:41:24.803-08:00",
    "UserRole": null,
    "MarkedAsAnswerDate": null
  },
  {
    "Id": "712460",
    "ThreadId": "281835",
    "Html": "<p>Hi cybernaut.&nbsp; Nice solution.&nbsp; I blogged about this \"issue\" for LALR parser generators at <a href=\"http://softwareautomata.blogspot.com\">http://softwareautomata.blogspot.com</a>, otherwise known as John Gough on Software Tools.&nbsp; I was planning to leave your approach for part 2.</p>",
    "PostedDate": "2011-12-14T19:10:16.103-08:00",
    "UserRole": null,
    "MarkedAsAnswerDate": null
  }
]