[
  {
    "Id": "1416274",
    "ThreadId": "631941",
    "Html": "Hi,<br />\nI'm programing a compiler (DLL) and I would really like to use GPLEX/GPPG (Version 1.5.1) for parsing the source files.  One requirement of the compiler is that multiple instances, each running in a seperate thread, can run simultanously. As described in the GPLEX/GPPG documentation this should be possible (because they are thread safe) :)<br />\n<br />\nWhen it comes to multithreading in my implementation GPLEX/GPPG is crashing in strange ways - there are no problems when used single-threaded (sequential).<br />\n<br />\nI'll try to show what i did (pseudo code)<br />\n<pre><code>// in Compiler.DLL\npublic class Compiler\n{\n    // some non-static methods / constructor\n    ...\n\n    public void compile()\n    {\n        //Create new instances\n        Scanner scanner = new Scanner(mainSourcefile, parameters);\n        Parser parser = new Parser(scanner);\n        \n        parser.Parse(ref intermediateLanguage);\n\n        createBinaryOutput(intermediateLanguage);\n    }\n}</code></pre>\n\n<pre><code>// In test assembly\npublic class Test\n{\n     public void compileWorker(Compiler c, String mainSourcefile)\n     {\n          c.compile(mainSourceFile);\n     }\n\n     public void test()\n     {\n          List&lt;Compiler&gt; cl = new List&lt;Compiler&gt;();\n          \n          // fill Compiler list....\n\n          foreach(Compiler c in cl)\n          {\n               Thread t = new Thread(() =&gt; compileWorker(c, mainSourceFile));\n               t.Start();\n          }\n     }\n}</code></pre>\n\nIm getting following Errors <br />\n<ul>\n<li>IndexOutOfRangeException (variable tos is negative) in Function Pop() -&gt; ShiftReduceParserCode.cs</li>\n<li>FsaState.ParserTable is null in function Parse() -&gt; ShiftReduceParserCode.cs</li>\n<li>\nFileStream disposed (very strange)<br />\n</li>\n</ul>\nIn the constructor of the Scanner Im Setting the source (could this be a Problem?):<br />\n<pre><code>internal Scanner(string pathMainSource,)\n{\n    try\n    {\n        FileStream fs = new FileStream(pathMainSource, FileMode.Open, FileAccess.Read, FileShare.Read);\n            \n        SetSource(fs);\n        fsStack.Push(fs);\n    }\n}</code></pre>\n\nThe filestream is closed in yywrap() as suggested in the documentation.<br />\n<br />\nDid I overlook something or did I misinterpret the documentation?<br />\n<br />\nI would be very happy if someone could help me :) <br />\nThanks a lot in advance<br />\n<br />\n<strong>UPDATE: It seems that I somehow manged to call the compileWorker() on one object over and over :P<br />\nMy bad - works fine now</strong><br />\n",
    "PostedDate": "2015-04-21T04:48:22.42-07:00",
    "UserRole": null,
    "MarkedAsAnswerDate": null
  }
]