[
  {
    "Id": "853478",
    "ThreadId": "360890",
    "Html": "\r\n<p>Hi,</p>\r\n<p>I've managed to write a .lex and .y file and compile them fine with gplex and gppg, using the /gplex option in gppg.&nbsp; I've imported them into my C# project (along with the gplex and gppg source), but upon compiling, I get the error:</p>\r\n<p>&nbsp;</p>\r\n<div style=\"color:black; background-color:white\">\r\n<pre>Inconsistent accessibility: <span style=\"color:blue\">base</span> <span style=\"color:blue\">class</span> <span style=\"color:#a31515\">'QUT.Gppg.ShiftReduceParser&lt;MyLanguage.ValueType,QUT.Gppg.LexLocation&gt;'</span> <span style=\"color:blue\">is</span> less accessible than <span style=\"color:blue\">class</span> <span style=\"color:#a31515\">'MyLanguage.Parser'</span>\r\n</pre>\r\n<pre>Now, I could go through the code and change these accessibilities, but isn't this something I shouldn't have to do? Is there a fix for this in the code generation process?</pre>\r\n<pre>Thanks!  Other than this minor inconvenience, the tools have been wonderful!</pre>\r\n<pre>Andrew</pre>\r\n</div>\r\n",
    "PostedDate": "2012-06-25T16:58:45.72-07:00",
    "UserRole": null,
    "MarkedAsAnswerDate": null
  },
  {
    "Id": "854073",
    "ThreadId": "360890",
    "Html": "<p>Hi Andrew.</p>\r\n<p>The visibility of the Parser class in controlled by the %visibility declaration in the *.y file.&nbsp; The visibility of the generic base class is public if you access it from the dll, or is controlled by a pre-processer symbol if you use the ShiftReduceParserCode.cs source.&nbsp; If you declare \"%visibility internal\" everything should just work.&nbsp; Alternatively, if you must have public accessibility for the parser class then compile with symbol EXPORT_GPPG defined, or reference the ShiftReduceParser.dll rather than include the source code in your project.</p>\r\n<p>Sorry it is so complicated, but there are many different encapsulation scenarios here.&nbsp; There is more discussion in section 5.1 Runtime Shift-Reduce Engine in the documentation.&nbsp; However, in any case you should never have to modify the generated scanner/parser output.</p>\r\n<p>Let me know if you still have problems</p>\r\n<p>John</p>",
    "PostedDate": "2012-06-26T15:12:39.483-07:00",
    "UserRole": null,
    "MarkedAsAnswerDate": null
  },
  {
    "Id": "854472",
    "ThreadId": "360890",
    "Html": "<p>This worked perfectly!&nbsp; I didn't even notice the precompiled DLL in the binaries folder -- thought I had to build it myself.&nbsp; Thanks for the quick response.</p>\r\n<p>Andrew</p>",
    "PostedDate": "2012-06-27T10:02:44.8-07:00",
    "UserRole": null,
    "MarkedAsAnswerDate": null
  }
]