[
  {
    "Id": "1049683",
    "ThreadId": "445223",
    "Html": "Hello I am new to GPPG and I am having the following problem:\r<br />\n<br />\nError\t1\tInconsistent accessibility: base class 'QUT.Gppg.AbstractScanner&lt;AriComp.ValueType,QUT.Gppg.LexLocation&gt;' is less accessible than class 'AriComp.ScanBase'\tC:\\Users\\Arjan\\Desktop\\AriComp\\AriComp\\Parser.y\t7\t23\tAriComp\r<br />\n<br />\nCan anyone tell me what is the problem, what do I miss in *.y file?<br />\n",
    "PostedDate": "2013-05-28T09:06:53.067-07:00",
    "UserRole": null,
    "MarkedAsAnswerDate": null
  },
  {
    "Id": "1052454",
    "ThreadId": "445223",
    "Html": "Hi arjandalipi.  The problem that you have has to do with the accessibility of the base class in the shift-reduce parser, and the generated parser from GPPG.  There are several choices here.  Section 5.1 of the manual explains various options.  Send me a message if you continue to have problems.\r<br />\nJohn<br />\n",
    "PostedDate": "2013-06-03T21:37:47.753-07:00",
    "UserRole": null,
    "MarkedAsAnswerDate": null
  }
]