[
  {
    "Id": "1084338",
    "ThreadId": "454396",
    "Html": "I'm creating a lexical analyzer and a parser that takes an input and returns a structured tree that the application can use. The lexer itself is pretty simple:<br />\n<pre><code>%option stack, minimize, parser, verbose, persistbuffer, unicode, compressNext, embedbuffers\n\nandop AND|and|And\norop OR|or|Or\nnotop NOT|not|Not\nliterals \\&quot;[^&quot;]+\\&quot;\nexpression [A-Za-z0-9()]+\n\n%%\n{andop} return (int)Tokens.CONJUNCTION;\n{orop} return (int)Tokens.DISJUNCTION;\n{notop} return (int)Tokens.NOTOPERAND;\n{literals} {yylval.StringValue = yytext; return (int)Tokens.LITERAL;}\n{expression} {yylval.StringValue = yytext; return (int)Tokens.EXPRESSION;}\n\n/* skip whitespace */\n[ \\t\\n]+ ;\n%%</code></pre>\n\nWhen I test this scanner on its own, it works fine and returns all the expected tokens. Here's the parser:<br />\n<pre><code>%{\n    public ParameterList program = new ParameterList();\n    public string field;\n%}\n\n%start program\n\n%union{ \npublic Parameter parameter;\npublic ParameterList parameterList;\npublic ParameterType type;\npublic CriteriaParameter criteriaParameter;\npublic Criterion criterion;\npublic CriteriaList criteriaList;\npublic string StringValue; \n}\n\n%token CONJUNCTION\n%token DISJUNCTION\n%token COMPARISON\n%token NOTOPERAND\n%token &lt;StringValue&gt; LITERAL\n%token &lt;StringValue&gt; EXPRESSION\n\n%%\nprogram             : parameterList {program = $1.parameterList;}\n                    ;\n\nparameterList       : { if ($$.parameterList == null) {$$.parameterList = new ParameterList();} }\n                    | parameter { \n                                    if ($$.parameterList == null) {$$.parameterList = new ParameterList();}\n                                    $$.parameterList.Add($1.parameter);\n                                }\n                    ;\n\nparameter           : CONJUNCTION {$$.parameter = new OperationParameter(ParameterType.Conjunction, $$.parameterList); }\n                    | DISJUNCTION {$$.parameter = new OperationParameter(ParameterType.Disjunction, $$.parameterList); }\n                    | COMPARISON {$$.parameter = new OperationParameter(ParameterType.Comparison, $$.parameterList); }\n                    | criterion {\n                                    if ($$.criteriaList == null) {$$.criteriaList = new CriteriaList();}\n                                    $$.criteriaList.Add($$.criterion);\n\n                                    CriteriaParameter crParameter = new CriteriaParameter(field, $$.criteriaList);\n                                    $$.parameter = crParameter;\n                                }\n                    ;\n\ncriterion           : NOTOPERAND criterion\n                            {\n                                Criterion currentCriterion = $2.criterion;\n                                currentCriterion.Operator = Operator.DoesNotContain;\n                                $$.criterion = currentCriterion;\n                            }\n\n                    | '(' criterion ')'\n                        {\n                            $$.criterion = $2.criterion;\n                        }\n                    | LITERAL\n                            {\n                                Criterion criterion = new Criterion();\n                                criterion.Value = $1;\n                                criterion.Operator = Operator.Contains;\n                                $$.criterion = criterion;\n                            }\n                    | EXPRESSION \n                            {\n                                Criterion criterion = new Criterion();\n                                criterion.Value = $1;\n                                criterion.Operator = Operator.Contains;\n                                $$.criterion = criterion;\n                            }\n                    ;\n%%\n\npublic Parser(Scanner scn) : base(scn) { }</code></pre>\n\nWhen I invoke the parser for an input like <strong>&quot;hello and world&quot;</strong>, I get the following parse error:\r<br />\n<br />\nSyntax error, unexpected CONJUCTION, expecting EOF\r<br />\n<br />\nIt seems like the parser stops at the first token (&quot;hello&quot;), which makes me think my program rule is not defined correctly. How would I tell the parser to parse the whole input and not stop at the first token? Any help is appreciated.<br />\n",
    "PostedDate": "2013-08-23T14:03:54.02-07:00",
    "UserRole": null,
    "MarkedAsAnswerDate": null
  },
  {
    "Id": "1084571",
    "ThreadId": "454396",
    "Html": "Hi\r<br />\nThe problem is with your grammar.  Briefly, you have a NonTerminal called &quot;parameterList&quot; but there is no recursion in the definition: in essence this declares that a parameterList is just a single parameter.  So the parser stops after the first parameter expecting EOF. Here is my test framework, with all your semantic actions edited out.<br />\n<pre><code>%namespace gppg24\n%output=Parser.cs\n%visibility internal\n\n%start program\n\n%token CONJUNCTION\n%token DISJUNCTION\n%token COMPARISON\n%token NOTOPERAND\n%token LITERAL\n%token EXPRESSION\n\n%%\n\nprogram             : parameterList \n                    ;\n\nparameterList       : parameter\n                    | parameterList parameter \n                    ;\n\nparameter           : CONJUNCTION \n                    | DISJUNCTION \n                    | COMPARISON \n                    | criterion \n                    ;\n\ncriterion           : NOTOPERAND criterion\n\n                    | '(' criterion ')'\n\n                    | LITERAL\n\n                    | EXPRESSION \n                    ;\n%%\n\npublic Parser(Scanner scn) : base(scn) { }\n\npublic static void Main(string[] argp) {\n  Scanner scanner = new Scanner();\n  scanner.SetSource(argp);\n  Parser parser = new Parser(scanner);\n  parser.Parse();\n}</code></pre>\n\nThere is also a serious problem with your lexical grammar.  In your syntax you want to recognize the symbols '(' and ')', but these are captured by your catch-all definition of &quot;EXPRESSION&quot;.  I think you need a real grammar for expressions, with the left and right parentheses as separate tokens.  Here is the lexical definition that I tested.  I did not attempt to fix the problem that I mentioned with expressions.<br />\n<pre><code>%option stack, minimize, verbose, persistbuffer, unicode, compressNext, embedbuffers\n%option out:Scanner.cs\n%visibility internal\n\n%namespace gppg24\n\nandop AND|and|And\norop OR|or|Or\nnotop NOT|not|Not\nliterals \\&quot;[^&quot;]+\\&quot;\nexpression [A-Za-z0-9()]+\n\n%%\n{andop}      return (int)Tokens.CONJUNCTION;\n{orop}       return (int)Tokens.DISJUNCTION;\n{notop}      return (int)Tokens.NOTOPERAND;\n{literals}   return (int)Tokens.LITERAL;\n{expression} return (int)Tokens.EXPRESSION;\n\n/* skip whitespace */\n[ \\t\\n]+ ;\n%%\n</code></pre>\n\nFinally, a piece of advice.  If you need to follow the actions of your parser over a small input compile with the symbol TRACE_ACTIONS defined.  You get a trace of parsing steps that is best understood from the output of &gt; gppg /report file.y, or even gppg /report /verbose file.y.\r<br />\n<br />\nBest of luck with the project.\r<br />\nJohn<br />\n",
    "PostedDate": "2013-08-24T21:30:50.813-07:00",
    "UserRole": null,
    "MarkedAsAnswerDate": null
  },
  {
    "Id": "1085009",
    "ThreadId": "454396",
    "Html": "Hi John, <br />\nThank you for your reply. I tried your code it compiles just fine. <code>parser.Parse()</code> also returns true when I use it in code, however, it's not returning the desired results. Lets say my input is &quot;Hello and World&quot;. I should see two criteria parameters in my parameterList, though I only see &quot;world&quot;.  I assume I need to do the same thing (recursive call) on my <code>parameter</code> level, not sure how it should be structured though. Basically to have something like this:<br />\n<pre><code>parameter           : criterion \n                    | parameter CONJUNCTION\n                    | parameter DISJUNCTION\n                    | parameter COMPARISON\n                    ;</code></pre>\n\nI'm just not sure how to go about the actions in this case. Any help is appreciated.<br />\n",
    "PostedDate": "2013-08-26T10:16:13.483-07:00",
    "UserRole": null,
    "MarkedAsAnswerDate": null
  }
]