[
  {
    "Id": "460547",
    "ThreadId": "217539",
    "Html": "<p>Hi, great job!</p>\r\n<p>&nbsp;</p>\r\n<p>My question is what is the best way of recovering after a syntax error has occured? I mean I need to display a user message: what was wrong and what to do in order to fix the error.</p>\r\n<p>By default, the parser just tells that an unexpected token has reached.</p>\r\n<p>Are there any ways to perform that?</p>\r\n<p>&nbsp;</p>\r\n<p>Thanks in advance.</p>",
    "PostedDate": "2010-06-28T01:40:25.43-07:00",
    "UserRole": null,
    "MarkedAsAnswerDate": null
  }
]