[
  {
    "Id": "939029",
    "ThreadId": "402524",
    "Html": "\r\n<p>Hi,</p>\r\n<p>My parser has a grammer which uses '@a' as local variables and '$x' (just like awk) for back-reference in the parse. If I comment this in the parser specification GPPG thinks that the @ and $ is part of the grammar and of course it complaints.</p>\r\n<p>A temporary solution is to quote the $ and @, but as they appear inside a comment it should not be necessary.</p>\r\n<p>E.g.:</p>\r\n<div style=\"font-family:&quot;Courier New&quot;; font-size:10.0pt; color:#000000; background-color:#fffaf5; font-style:normal; font-weight:normal; text-decoration:none\">\r\n<pre><span style=\"color:#406040; font-style:italic\">/* ('@A' = 77) assign of global local variables */<br><br></span><div style=\"font-family:&quot;Courier New&quot;; font-size:10pt; color:#000000; background-color:#fffaf5; font-style:normal; font-weight:normal; text-decoration:none\">\r\n<span> </span><span style=\"color:#406040; font-style:italic\">/*</span>\r\n<span style=\"color:#406040; font-style:italic\">    Refvars ['$1'..'$9'] is accessible references for assignments in</span>\r\n<span style=\"color:#406040; font-style:italic\">    previous run inside a common constraint function block.</span>\r\n<span style=\"color:#406040; font-style:italic\">    The assignment is done in the TOKEN assign rule.</span>\r\n<span style=\"color:#406040; font-style:italic\">  */</span>\r\n\r\n</div></pre>\r\n</div>\r\n",
    "PostedDate": "2012-11-09T02:20:15.58-08:00",
    "UserRole": null,
    "MarkedAsAnswerDate": null
  }
]