[
  {
    "Id": "821626",
    "ThreadId": "351696",
    "Html": "<p>Hello! Thanks for GPPG! It is greatly <span id=\"result_box\" class=\"short_text\" lang=\"en\"><span class=\"hps\">simplifying</span> <span class=\"hps\">programmers' lives.</span></span></p>\n<p>Seems to me, this question isn't so deep as some other here, however, I have a little problem: there are several light parsers generated with GPPG in my project, and things for codepage <span id=\"result_box\" lang=\"en\"><span>definition (namespace Guesser) are generating with each of them every time. So, after every change I have two namespaces with the same name inside the one project. </span></span></p>\n<p><span id=\"result_box\" lang=\"en\"><span>But generally speaking it should be created just one time and then all parsers may use it... Is it possible to disable 'Guesser' </span></span><span id=\"result_box\" lang=\"en\"><span>inclusion in output file? <br /> </span></span></p>",
    "PostedDate": "2012-04-09T10:28:16.463-07:00",
    "UserRole": null,
    "MarkedAsAnswerDate": null
  },
  {
    "Id": "822234",
    "ThreadId": "351696",
    "Html": "<p>Hi BBreaker</p>\r\n<p>The simple way to avoid this problem is to generate all the scanners with the /noEmbedBuffer option&nbsp; (\"%option noembedbuffer\" in the&nbsp;*.lex file&nbsp;will have the same effect). That way the buffer code is placed in the file GplexBuffers.cs which gplex will emit.&nbsp; The buffer code, including the Guesser code will live in the QUT.GplexBuffers namespace, and will be shared by all the scanners.&nbsp;</p>\r\n<p>Actually, if you run gplex with the /noEmbedBuffers option several times you will actually emit GplexBuffers.cs several times, but the later emits will just overwrite the equally named earlier ones.&nbsp; The option names are case-invariant both on the command line, and as part of an %option declaration in the spec.</p>\r\n<p>Section 4.2 of the gplex doco has more on all this.</p>\r\n<p>If you still have problems send me a message on CodePlex and we can switch to regular email.</p>\r\n<p>Thanks for the question</p>\r\n<p>John</p>",
    "PostedDate": "2012-04-10T21:55:17.177-07:00",
    "UserRole": null,
    "MarkedAsAnswerDate": null
  },
  {
    "Id": "826503",
    "ThreadId": "351696",
    "Html": "<p>Problem is solved, thanks for the answer!</p>",
    "PostedDate": "2012-04-20T07:10:03.56-07:00",
    "UserRole": null,
    "MarkedAsAnswerDate": null
  }
]