[
  {
    "Id": "832283",
    "ThreadId": "354562",
    "Html": "\r\n<p>Hi,</p>\r\n<p>I'm new to writing grammer. I have a need to develop a parser from a file, which has schema/data format desc &amp; data. I just started reding about lex &amp; yacc. I found GPPG does generate perser in c# for lex &amp; Yacc style grammer.</p>\r\n<p>I do not see many examples of using GPPG. Anybody help me post some basic example of using GPPG to write lex &amp; grammer to generate parser in c#.</p>\r\n<p>ex file, I need to parse.<br>\r\ndata format structure:<br>\r\n&quot;KP_BLOB&quot; struct {<br>\r\n&nbsp;&nbsp;&nbsp;&nbsp;&nbsp;&nbsp;&nbsp;&nbsp;&nbsp;&nbsp;&nbsp;&nbsp;&nbsp;&nbsp; uint;\r\n<br>\r\n&nbsp;&nbsp;&nbsp;&nbsp;&nbsp;&nbsp;&nbsp;&nbsp;&nbsp;&nbsp;&nbsp;&nbsp;&nbsp;&nbsp;&nbsp;&nbsp;&nbsp;&nbsp;&nbsp;&nbsp;\r\n<br>\r\n&nbsp;&nbsp;&nbsp;&nbsp;&nbsp;&nbsp;&nbsp;&nbsp;&nbsp;&nbsp;&nbsp;&nbsp;&nbsp;&nbsp; ulong;<br>\r\n&nbsp;&nbsp;&nbsp;&nbsp;&nbsp;&nbsp;&nbsp;&nbsp;&nbsp;&nbsp;&nbsp;&nbsp;&nbsp;&nbsp; ulong;<br>\r\n&nbsp;&nbsp;&nbsp;&nbsp;&nbsp;&nbsp;&nbsp;&nbsp;&nbsp;&nbsp;&nbsp;&nbsp;&nbsp;&nbsp; taggedstruct {<br>\r\n&nbsp;&nbsp;&nbsp;&nbsp;&nbsp;&nbsp;&nbsp;&nbsp;&nbsp;&nbsp;&nbsp;&nbsp;&nbsp;&nbsp;&nbsp;&nbsp;&nbsp; (&quot;RASTER&quot; uchar )*;&nbsp;&nbsp;&nbsp;&nbsp;&nbsp;&nbsp;&nbsp;&nbsp;&nbsp;&nbsp;&nbsp;&nbsp;&nbsp;&nbsp;&nbsp;&nbsp;&nbsp;&nbsp;&nbsp;&nbsp;\r\n<br>\r\n&nbsp;&nbsp;&nbsp;&nbsp;&nbsp;&nbsp;&nbsp;&nbsp;&nbsp;&nbsp;&nbsp;&nbsp;&nbsp;&nbsp; };<br>\r\n&nbsp;<br>\r\n&nbsp;<br>\r\n&quot;KP_BLOB&quot; struct {<br>\r\n&nbsp;&nbsp;&nbsp;&nbsp;&nbsp;&nbsp;&nbsp;&nbsp;&nbsp;&nbsp;&nbsp; long;&nbsp; <br>\r\n&nbsp;&nbsp;&nbsp;&nbsp;&nbsp;&nbsp;&nbsp;&nbsp;&nbsp;&nbsp;&nbsp; enum {<br>\r\n&nbsp;&nbsp;&nbsp;&nbsp;&nbsp;&nbsp;&nbsp;&nbsp;&nbsp;&nbsp;&nbsp;&nbsp;&nbsp; &quot;BYTE&quot; = 1,<br>\r\n&nbsp;&nbsp;&nbsp;&nbsp;&nbsp;&nbsp;&nbsp;&nbsp;&nbsp;&nbsp;&nbsp;&nbsp;&nbsp; &quot;WORD&quot; = 2,<br>\r\n&nbsp;&nbsp;&nbsp;&nbsp;&nbsp;&nbsp;&nbsp;&nbsp;&nbsp;&nbsp;&nbsp;&nbsp;&nbsp; &quot;LONG&quot; = 4<br>\r\n&nbsp;&nbsp;&nbsp;&nbsp;&nbsp;&nbsp;&nbsp;&nbsp;&nbsp;&nbsp;&nbsp; };&nbsp;&nbsp;&nbsp;\r\n<br>\r\n&nbsp;&nbsp;&nbsp;&nbsp;&nbsp;&nbsp;&nbsp;&nbsp;&nbsp; };</p>\r\n<p>Data:<br>\r\n&nbsp;<br>\r\n/begin MEASUREMENT n5pidurDeg &quot;&quot;<br>\r\n&nbsp;&nbsp;&nbsp;&nbsp;&nbsp;&nbsp;&nbsp; UWORD deg_formula_A_6_0_1234_0 1 0.5 0 11.989013<br>\r\n&nbsp;&nbsp;&nbsp;&nbsp;&nbsp;&nbsp;&nbsp; BYTE_ORDER MSB_FIRST<br>\r\n&nbsp;&nbsp;&nbsp;&nbsp;&nbsp;&nbsp;&nbsp; READ_WRITE<br>\r\n&nbsp;&nbsp;&nbsp;&nbsp;&nbsp;&nbsp;&nbsp; ECU_ADDRESS 0xabc12<br>\r\n&nbsp;&nbsp;&nbsp;&nbsp;&nbsp;&nbsp;&nbsp; FORMAT &quot;%11.6&quot;<br>\r\n&nbsp;&nbsp;&nbsp;&nbsp;&nbsp;&nbsp;&nbsp; /begin IF_DATA ASAP1B_CCP<br>\r\n&nbsp;&nbsp;&nbsp;&nbsp;&nbsp;&nbsp;&nbsp;&nbsp;&nbsp;&nbsp;&nbsp; KP_BLOB 0 0xcd321 0x2<br>\r\n&nbsp;&nbsp;&nbsp;&nbsp;&nbsp;&nbsp;&nbsp; /end IF_DATA<br>\r\n&nbsp;&nbsp;&nbsp;&nbsp;&nbsp;&nbsp;&nbsp; /begin IF_DATA CAN_EXT 011<br>\r\n&nbsp;&nbsp;&nbsp;&nbsp;&nbsp;&nbsp;&nbsp;&nbsp;&nbsp;&nbsp;&nbsp; LINK_MAP &quot;aaa.4.wc.data.dp.angle&quot; 0x2ac21 0 0 0 0 0 0<br>\r\n&nbsp;&nbsp;&nbsp;&nbsp;&nbsp;&nbsp;&nbsp; /end IF_DATA<br>\r\n&nbsp;&nbsp;&nbsp;&nbsp;&nbsp;&nbsp;&nbsp; DISPLAY_IDENTIFIER pilot_duration_in_deg__5<br>\r\n&nbsp;&nbsp;&nbsp; /end MEASUREMENT</p>\r\n<p>&nbsp;</p>\r\n<p>Thanks in advance.</p>\r\n<p>Thank you,<br>\r\nArdi</p>\r\n",
    "PostedDate": "2012-05-04T10:21:15.843-07:00",
    "UserRole": null,
    "MarkedAsAnswerDate": null
  }
]