[
  {
    "Id": "513369",
    "ThreadId": "232512",
    "Html": "\r\n<p>Hi,</p>\r\n<p>I'd like to know if gppg supports inherited attributes. I tried using $0, $-1 etc. in semantic actions, but</p>\r\n<p>that didn't work because gppg only allows positive values for $n.</p>\r\n",
    "PostedDate": "2010-10-27T06:53:44.5-07:00",
    "UserRole": null,
    "MarkedAsAnswerDate": null
  },
  {
    "Id": "514811",
    "ThreadId": "232512",
    "Html": "\r\n<p>Hi cybernaut.</p>\r\n<p>You are correct, GPPG range checks symbolic expressions within semantic actions to ensure that they resolve to a valid symbol in the production right-hand-side.</p>\r\n<p>I realize that some parser generators allow zero or negative symbols to access semantic values (or location markers) further down the push-down stack.&nbsp; Sometimes this can be useful, but is a little tricky. There is the classic result, due to Knuth if\r\n my memory hasn't tricked me, that the &quot;viable prefixes&quot; for any given reduction are given by a regular expression.&nbsp; This is why it is possible to use a finite state automaton to recognize these prefixes.&nbsp; However this means that you only have certainty\r\n as to what is on the stack below the current right-hand-side in the special case that the language of viable prefixes for that particular production all end with the same symbol or symbols.&nbsp;</p>\r\n<p>Nevertheless, if it is useful on occasion I am reluctant to ban the practice outright.&nbsp; I could either (1) make a failed bounds check into a warning rather than an error, or (2) invent a command-line option that says &quot;let me use zero and negative symbols&quot;.</p>\r\n<p>I have an update ready to upload soon (the source is already in the repository) so I could incorporate this change as well if I get encouragement.</p>\r\n<p>Ummm, and sorry to those readers who understand all of this technical detail already.&nbsp; I don't want to teach my Grandma to suck eggs, but I do want the explanation to be clear to all the readers.</p>\r\n<p>Cheers</p>\r\n<p>John</p>\r\n",
    "PostedDate": "2010-10-29T19:29:57.693-07:00",
    "UserRole": null,
    "MarkedAsAnswerDate": null
  },
  {
    "Id": "518620",
    "ThreadId": "232512",
    "Html": "\r\n<p>Thank you for your reply, John. Sorry for being a bit late to respond.</p>\r\n",
    "PostedDate": "2010-11-08T01:01:06.533-08:00",
    "UserRole": null,
    "MarkedAsAnswerDate": null
  }
]