[
  {
    "Id": "683546",
    "ThreadId": "275698",
    "Html": "\r\n<p>I did not manage to create a (non-literal) verbatim string in a semantic action that ends with a backslash:</p>\r\n<p></p>\r\n<pre>%start start\r\n%%\r\nstart : { Console.WriteLine(&quot;abc\\\\&quot;); }\r\n;</pre>\r\n<p></p>\r\n<p>This always results in a &quot;Error: Literal string terminated by EOL&quot; with gppg 1.4.5. Using any number of backslashes (&quot;abc\\&quot;, &quot;abc\\\\\\&quot;, etc.) doesn't change anything. However, @&quot;abc\\&quot; works as expected.</p>\r\n<p>Didn't I get the syntax right or is this a bug?</p>\r\n<p>Thanks!</p>\r\n",
    "PostedDate": "2011-10-13T00:53:58.687-07:00",
    "UserRole": null,
    "MarkedAsAnswerDate": null
  },
  {
    "Id": "684811",
    "ThreadId": "275698",
    "Html": "<p>Hi Martin.&nbsp; Sounds like a bug.&nbsp; I'll check it out and post an answer.</p>\r\n<p>John</p>",
    "PostedDate": "2011-10-16T02:57:15.847-07:00",
    "UserRole": null,
    "MarkedAsAnswerDate": null
  },
  {
    "Id": "727942",
    "ThreadId": "275698",
    "Html": "<p>Hii Martin.&nbsp; Yes it was a bug, in ScanAction.y.&nbsp; Fixed in version 1.4.6</p>",
    "PostedDate": "2012-01-19T19:58:51.797-08:00",
    "UserRole": null,
    "MarkedAsAnswerDate": null
  },
  {
    "Id": "729777",
    "ThreadId": "275698",
    "Html": "<p>Thank you!</p>",
    "PostedDate": "2012-01-24T01:10:32.003-08:00",
    "UserRole": null,
    "MarkedAsAnswerDate": null
  }
]