[
  {
    "Id": "291983",
    "ThreadId": "85734",
    "Html": "<p>This distribution for version 1.3.6 does not seem to build correctly as it is missing GplexBuffers.cs.</p>\r\n<p>I can see that it is possible to build it using the GenerateAll.bat in the SpecFiles folder but that assumes use already have built gppg and gplex.</p>\r\n<p>What am I missing?</p>\r\n<p>&nbsp;</p>",
    "PostedDate": "2010-02-17T20:28:43.373-08:00",
    "UserRole": null,
    "MarkedAsAnswerDate": null
  },
  {
    "Id": "292069",
    "ThreadId": "85734",
    "Html": "<p><span id=\"ctl00_ctl00_MasterContent_Content_CommentsRepeater_ctl00_MessageLabel\" style=\"width:99%;display:inline-block\">The GplexBuffers.cs file is not normally distributed with the sources. Both it and the frame file are embedded resources of the gplex. When you generate a new scanner with gplex you get a version-matched scanner.cs and gplexbuffers.cs file generated. Try running the GenerateAll.bat file in the specs sub-directory.<br><br>Of course, to be consistent I should probably also leave out the scanner.cs and parser.cs files from the distribution. That might make it more clear that you need to generate a whole matching set of sources from the specifications files.</span></p>\r\n<p>In order to bootstrap the process, as you have to start off with the binary of GPLEX.&nbsp; These are available as part of the main downloads from the project home page.&nbsp; You should probably start off with the binary distributions of both GPPG and GPLEX.</p>",
    "PostedDate": "2010-02-18T02:12:03.577-08:00",
    "UserRole": null,
    "MarkedAsAnswerDate": null
  },
  {
    "Id": "292338",
    "ThreadId": "85734",
    "Html": "<p>Thanks for that. All built and working</p>",
    "PostedDate": "2010-02-18T12:42:41.007-08:00",
    "UserRole": null,
    "MarkedAsAnswerDate": null
  }
]