[
  {
    "Id": "280924",
    "ThreadId": "81802",
    "Html": "<p>Hi everyone,</p>\r\n<p>&nbsp;</p>\r\n<p>First, thanks for writing such a useful tool (together with GPLex).</p>\r\n<p>&nbsp;</p>\r\n<p>Second ... I'm having this error when trying to compile the project containing the generated parser.&nbsp; Currently, nothing outside the ShiftReduceParser and GPPG generated code refers to ShiftReduceParser or Parser.&nbsp; I'm using Visual Studio 2008 Pro, with .Net 3.5, and the GPPG version is 1.3.6.&nbsp; The error happens whether I use the DLL for ShiftReduceParser, or add the code file to my project.</p>\r\n<p>It's not a problem for me, because I think there's a workaround (add a constructor); but it does mean that GPPG parsers won't compile in my environment without a tweak.&nbsp; Anyway, I thought I'd share it here.</p>\r\n<p>Details:</p>\r\n<p>Error message:</p>\r\n<p>Error&nbsp;&nbsp; &nbsp;1&nbsp;&nbsp; &nbsp;'QUT.Gppg.ShiftReduceParser&lt;PaintedHorse.Leaf.Expression.SyntaxTree,QUT.Gppg.LexLocation&gt;' does not contain a constructor that takes '0' arguments&nbsp;&nbsp;&nbsp; parser.cs&nbsp;&nbsp; &nbsp;34&nbsp;&nbsp; &nbsp;24</p>\r\n<p>And the top portion of parser.cs is:</p>\r\n<p>// This code was generated by the Gardens Point Parser Generator<br>// Copyright (c) Wayne Kelly, QUT 2005-2008<br>// (see accompanying GPPGcopyright.rtf)<br><br>// GPPG version 1.3.6<br>// Machine:&nbsp; NEO<br>// DateTime: 23/01/2010 18:58:54<br>// UserName: anyone<br>// Input file &lt;expression.y&gt;<br><br>// options: no-lines gplex<br><br>using System;<br>using System.Collections.Generic;<br>using System.Globalization;<br>using System.Text;<br>using QUT.Gppg;<br><br>namespace PaintedHorse.Leaf.Expression<br>{<br>internal enum Tokens {<br>&nbsp;&nbsp;&nbsp; error=1,EOF=2,Identifier=3,IntLiteral=4,FloatLiteral=5,StringLiteral=6,<br>&nbsp;&nbsp;&nbsp; OtherLiteral=7,LeftBracket=8,RightBracket=9,Comma=10,Precedence13=11,Precedence12=12,<br>&nbsp;&nbsp;&nbsp; Precedence11=13,Precedence10=14,Precedence09=15,Precedence08=16,Precedence07=17,Precedence06=18,<br>&nbsp;&nbsp;&nbsp; Precedence05=19,Precedence04=20,Precedence03=21,Precedence02=22,Precedence01=23,Precedence00=24};<br><br>// Abstract base class for GPLEX scanners<br>internal abstract class ScanBase : AbstractScanner&lt;SyntaxTree,LexLocation&gt; {<br>&nbsp; private LexLocation __yylloc = new LexLocation();<br>&nbsp; public override LexLocation yylloc { get { return __yylloc; } set { __yylloc = value; } }<br>&nbsp; protected virtual bool yywrap() { return true; }<br>}<br><br>internal partial class Parser: ShiftReduceParser&lt;SyntaxTree, LexLocation&gt;<br>{</p>\r\n<p>// ---- snippety snip ----</p>\r\n<p>&nbsp;</p>\r\n<p>My interpretation of this is that ShiftReduceParser doesn't include a default (zero argument) constructor; Parser doesn't explicitly include any constructors, so gets the default one, which means that it's expecting its base class to have one.&nbsp; It all compiles happily if I explicitly add a zero argument constructor to ShiftReduceParser:</p>\r\n<p>protected ShiftReduceParser()<br>&nbsp;{<br>&nbsp;}</p>\r\n<p>&nbsp;</p>\r\n<p>Thanks in advance for any light anyone can shed ...</p>\r\n<p>&nbsp;</p>\r\n<p>Chris Owens.</p>\r\n<p>&nbsp;</p>",
    "PostedDate": "2010-01-23T11:34:17.39-08:00",
    "UserRole": null,
    "MarkedAsAnswerDate": null
  },
  {
    "Id": "281001",
    "ThreadId": "81802",
    "Html": "<p>I'm going to answer my own question here:</p>\r\n<p>You're expected to write your own constructor for the class Parser, which should then call the constructor for the base class.&nbsp; So, for example (assuming that you've run gppg with the %partial option and have an auxiliary file with additional content for the class Parser), you might put this in the auxiliary file:</p>\r\n<p>\r\n<div style=\"color:Black;background-color:White\">\r\n<pre>        <span style=\"color:Blue\">internal</span> Parser(Scanner lex): <span style=\"color:Blue\">base</span>(lex)\r\n        {\r\n             <span style=\"color:Green\">// Whatever other initialization actions the parser needs </span>\r\n        }\r\n<br>I think the original poster must be some kind of idiot.<br><br>Chris Owens.</pre>\r\n</div>\r\n</p>",
    "PostedDate": "2010-01-24T01:20:19.12-08:00",
    "UserRole": null,
    "MarkedAsAnswerDate": null
  },
  {
    "Id": "281038",
    "ThreadId": "81802",
    "Html": "<p>Hi Folks</p>\r\n<p>Umm, shouldn't be unkind to other posters Chris &lt;grin&gt;</p>\r\n<p>Yes, see the section 1.6 &quot;Instantiating the Parser Object&quot; in the documentation.&nbsp; This is page 7 of the new format doco available as a separate download from CodePlex.&nbsp; Featuring a proper table of contents and an index.</p>\r\n<p>&nbsp;</p>",
    "PostedDate": "2010-01-24T06:15:13.063-08:00",
    "UserRole": null,
    "MarkedAsAnswerDate": null
  },
  {
    "Id": "725704",
    "ThreadId": "81802",
    "Html": "<p>I think that the question is still valid.</p>\r\n<p>The&nbsp;normal&nbsp;generated Parser class is not partial and doesn't have proper constructor. This makes&nbsp;the&nbsp;generated code&nbsp;unusable, because it cannot be copiled. Why would gppg have the %partial directive if the generated code cannot be compiled without it?</p>\r\n<p>Why not generate the proper constructor when the %partial directive is not present?</p>\r\n<p>BTW, the samples from the&nbsp;latest distribution (1.4.5) obviously&nbsp;don't build:</p>\r\n<pre>csc.exe /r:QUT.ShiftReduceParser.dll RealCalc.cs\r\nMicrosoft (R) Visual C# 2010 Compiler version 4.0.30319.17020\r\nCopyright (C) Microsoft Corporation. All rights reserved.\r\nRealCalc.cs(159,25): error CS0103: The name 'scanner' does not exist in the\r\n        current context\r\nRealCalc.cs(204,12): error CS1061: 'Parser' does not contain a definition for\r\n        'scanner' and no extension method 'scanner' accepting a first argument\r\n        of type 'Parser' could be found (are you missing a using directive or an\r\n        assembly reference?)\r\nRealCalc.cs(25,14): error CS1729:\r\n        'QUT.Gppg.ShiftReduceParser' does not\r\n        contain a constructor that takes 0 arguments\r\nQUT.ShiftReduceParser.dll: (Location of symbol related to previous error)</pre>",
    "PostedDate": "2012-01-16T04:44:59.92-08:00",
    "UserRole": null,
    "MarkedAsAnswerDate": null
  },
  {
    "Id": "725718",
    "ThreadId": "81802",
    "Html": "<p>Well I figured this out (the code blocks are placed inside the Parser class).</p>\r\n<p>The sample should seriously be fixed - it's very misleading. And I think that an inherited constructor is still wanted.</p>",
    "PostedDate": "2012-01-16T05:12:26.857-08:00",
    "UserRole": null,
    "MarkedAsAnswerDate": null
  },
  {
    "Id": "727943",
    "ThreadId": "81802",
    "Html": "<p>The code of RealCalc.y was not compatible with the recent versions of gppg.</p>\r\n<p>This is now fixed in release V 1.4.6, along with some other stuff.&nbsp; The text of RealCalc.y explains more about the issue of constructors for the parser class.</p>",
    "PostedDate": "2012-01-19T20:01:12.283-08:00",
    "UserRole": null,
    "MarkedAsAnswerDate": null
  }
]