[
  {
    "Id": "1367600",
    "ThreadId": "588457",
    "Html": "Hey, \r<br />\n<br />\nI would like use gppg for grammar and gplex for tokenization, but... How can i integrate both .cs output files?\r<br />\n<br />\nI read the documentation of both projects and i don't see how do that.\r<br />\n<br />\nCan anybody show me a example?\r<br />\n<br />\nThank you in advance<br />\n",
    "PostedDate": "2015-03-20T09:55:14.74-07:00",
    "UserRole": null,
    "MarkedAsAnswerDate": null
  },
  {
    "Id": "1371136",
    "ThreadId": "588457",
    "Html": "Hi bipe15\r<br />\nYou have the sources of GPLEX and GPPG.  Both of these use scanners and parsers produced by the tools. They are both examples of the kind that you are asking for.\r<br />\nJohn<br />\n",
    "PostedDate": "2015-03-21T15:26:11.817-07:00",
    "UserRole": null,
    "MarkedAsAnswerDate": null
  }
]