[
  {
    "Id": "257923",
    "ThreadId": "75367",
    "Html": "<p>Hello,</p>\r\n<p>&nbsp;</p>\r\n<p>Thanks you for having created the GPPG/Lex Tools.<br>I am wondering whether this project has other public available documentations.</p>\r\n<p>&nbsp;</p>\r\n<p>Indeed I'm looking for a means to provide a unique identifier for each token, such as the function Parsing.rhs_end available with fsyacc.</p>\r\n<p>It seems that LexLocation fields (@1..N or Scanner.yylloc) are always null during my computation :'(</p>\r\n<p>&nbsp;</p>\r\n<p>&nbsp;</p>\r\n<p>EDIT : I have just not seen that all tokens must have location information and not only the relevant ones... because of the method Merge</p>\r\n<p>&nbsp;</p>\r\n<p>Best Regards <span style=\"color:#888888\"><br></span></p>",
    "PostedDate": "2009-11-17T07:27:15.253-08:00",
    "UserRole": null,
    "MarkedAsAnswerDate": null
  }
]