[
  {
    "Id": "75367",
    "Title": "token location",
    "LatestDate": "2009-11-17T07:27:15.253-08:00"
  },
  {
    "Id": "79974",
    "Title": "Using gppg and gplex together",
    "LatestDate": "2010-01-10T02:26:31.377-08:00"
  },
  {
    "Id": "80965",
    "Title": "Reusing of Parser instance",
    "LatestDate": "2010-04-14T04:44:56.94-07:00"
  },
  {
    "Id": "81802",
    "Title": "'QUT.Gppg.ShiftReduceParser<,>' does not contain a constructor that takes '0' arguments\t",
    "LatestDate": "2012-01-19T20:01:12.283-08:00"
  },
  {
    "Id": "85734",
    "Title": "Location of GPlexBuffers.cs",
    "LatestDate": "2010-02-18T12:42:41.007-08:00"
  },
  {
    "Id": "212384",
    "Title": "Incorrect Scanner Generated with BABEL option set.",
    "LatestDate": "2010-05-15T07:31:20.917-07:00"
  },
  {
    "Id": "217539",
    "Title": "Error recovering",
    "LatestDate": "2010-06-28T01:40:25.43-07:00"
  },
  {
    "Id": "232512",
    "Title": "inherited attributes",
    "LatestDate": "2010-11-08T01:01:06.533-08:00"
  },
  {
    "Id": "245235",
    "Title": "Error recovery (as a way to implement automatic semicolon insertion)?",
    "LatestDate": "2011-02-11T03:24:47.94-08:00"
  },
  {
    "Id": "246323",
    "Title": "A suggestion",
    "LatestDate": "2011-04-09T21:21:31.06-07:00"
  },
  {
    "Id": "275698",
    "Title": "Verbatim String ending with backslash",
    "LatestDate": "2012-01-24T01:10:32.003-08:00"
  },
  {
    "Id": "281835",
    "Title": "Grammar bug?",
    "LatestDate": "2011-12-14T19:10:16.103-08:00"
  },
  {
    "Id": "347787",
    "Title": "Semantic value as RefType",
    "LatestDate": "2012-03-28T22:27:55.35-07:00"
  },
  {
    "Id": "350403",
    "Title": "why can not create new object in other assime",
    "LatestDate": "2012-03-29T20:42:45.983-07:00"
  },
  {
    "Id": "351696",
    "Title": "How to use existing \"Guesser\"?",
    "LatestDate": "2012-04-20T07:10:03.56-07:00"
  },
  {
    "Id": "354562",
    "Title": "Lex & Grammer for GPPG",
    "LatestDate": "2012-05-04T10:21:15.843-07:00"
  },
  {
    "Id": "357835",
    "Title": "Interactive toplevel parsing",
    "LatestDate": "2012-06-06T02:10:43.5-07:00"
  },
  {
    "Id": "360890",
    "Title": "Accessibility issues in compiling gppg",
    "LatestDate": "2012-06-27T10:02:44.8-07:00"
  },
  {
    "Id": "396981",
    "Title": "Suggestion for little code change",
    "LatestDate": "2015-05-26T07:37:37.467-07:00"
  },
  {
    "Id": "402524",
    "Title": "GPPG error in handling comments",
    "LatestDate": "2012-11-09T02:20:15.58-08:00"
  },
  {
    "Id": "445223",
    "Title": "Inconsistent accessibility: base class",
    "LatestDate": "2013-06-03T21:37:47.753-07:00"
  },
  {
    "Id": "454396",
    "Title": "Unexpected token, expecting EOF",
    "LatestDate": "2013-08-26T10:16:13.483-07:00"
  },
  {
    "Id": "457107",
    "Title": "Shift/Reduce conflicts",
    "LatestDate": "2013-09-27T09:50:29.79-07:00"
  },
  {
    "Id": "461579",
    "Title": "License to Use",
    "LatestDate": "2013-10-09T22:54:25.38-07:00"
  },
  {
    "Id": "568419",
    "Title": "GPPG 1.5.2 hangs under VS2012 and in Command prompt with no messages",
    "LatestDate": "2014-09-28T04:26:36.25-07:00"
  },
  {
    "Id": "571680",
    "Title": "Grammar with multiple entry points (start rules)",
    "LatestDate": "2014-11-10T04:28:49.427-08:00"
  },
  {
    "Id": "588457",
    "Title": "gppg and gplex",
    "LatestDate": "2015-03-21T15:26:11.817-07:00"
  },
  {
    "Id": "588676",
    "Title": "gppg grammar: how to discard token(for example comment) ",
    "LatestDate": "2015-03-22T16:46:58.69-07:00"
  },
  {
    "Id": "631941",
    "Title": "GPLEX/GPPG Multithreading",
    "LatestDate": "2015-04-21T04:48:22.42-07:00"
  },
  {
    "Id": "636694",
    "Title": "NuGet package",
    "LatestDate": "2015-05-04T18:06:38.813-07:00"
  },
  {
    "Id": "653294",
    "Title": "Littles Issues  with GPP 1.5.2 from Visual Studio 2015",
    "LatestDate": "2016-04-07T06:16:32.633-07:00"
  },
  {
    "Id": "653333",
    "Title": "Problem with Rules",
    "LatestDate": "2016-04-07T07:14:18.393-07:00"
  }
]