[
  {
    "Id": "816897",
    "ThreadId": "350403",
    "Html": "\r\n<p>this is my code, but can't load other&nbsp;assembly object&nbsp;, example:&nbsp;DataTable, Form.</p>\r\n<p>i use&nbsp;&nbsp;Assembly.Load also fail.</p>\r\n<p>&nbsp;zhank's a lot&nbsp;tell me how to correct this question.<br>\r\n&nbsp;</p>\r\n<p>&nbsp;</p>\r\n<p>|&nbsp; OBJECT ident_list '(' expr_list ')'<br>\r\n&nbsp;{<br>\r\n&nbsp;&nbsp;Stack&lt;BindHelper.ObjectPath&gt; objs =&nbsp; $2 as Stack&lt;BindHelper.ObjectPath&gt;;<br>\r\n&nbsp;&nbsp;if (objs == null)<br>\r\n&nbsp;&nbsp;&nbsp;objs = new Stack&lt;BindHelper.ObjectPath&gt;();&nbsp;&nbsp;&nbsp;<br>\r\n&nbsp;&nbsp;$$ = objs;&nbsp;&nbsp;<br>\r\n&nbsp;&nbsp;object self = $2;<br>\r\n&nbsp;&nbsp;object op = $4;<br>\r\n&nbsp;&nbsp;dynamic op2 = op;&nbsp;&nbsp;<br>\r\n&nbsp;&nbsp;Type t = bindHelper.GetValidClassType(self.ToString());<br>\r\n&nbsp;&nbsp;if (t == null)<br>\r\n&nbsp;&nbsp;&nbsp;throw new ArgumentException(&quot;the name is not found:&quot; &#43; self.ToString());<br>\r\n&nbsp;&nbsp;dynamic q = Activator.CreateInstance(t,&nbsp; (op == null) ? null : op2.ToArray());&nbsp;<br>\r\n&nbsp;&nbsp;BindHelper.ObjectPath obj = new BindHelper.ObjectPath(BindHelper.SelfType.DotNetObject,&nbsp;q, self.ToString(), t);<br>\r\n&nbsp;&nbsp;obj.AddArgs =&nbsp; (op == null) ? null : op2.ToArray();<br>\r\n&nbsp;&nbsp;obj.IsValid = true;<br>\r\n&nbsp;&nbsp;objs.Push(obj);&nbsp;&nbsp;&nbsp;&nbsp;<br>\r\n&nbsp;}</p>\r\n",
    "PostedDate": "2012-03-28T19:11:31.067-07:00",
    "UserRole": null,
    "MarkedAsAnswerDate": null
  },
  {
    "Id": "816948",
    "ThreadId": "350403",
    "Html": "<p>Hi</p>\r\n<p>I am sorry, but I do not understand what your code is trying to do.&nbsp; You also did not say what happens with this code: does it compile ok?&nbsp; Does it throw an exception, and if so what kind of exception.</p>\r\n<p>May I suggest that you move most of this code out to a helper procedure.&nbsp; The procedure&nbsp;might look like this --</p>\r\n<p>public static void DoBinding(Stack&lt;BindHelper.ObjectPath&gt; objs, object self, object op) { ... }</p>\r\n<p>and call this just after \"$$ = objs;\", by \"DoBinding(objs, $2, $4);\"&nbsp; Everything after the $$ = $1 in your example should be in the body of the method. This will make it simpler to debug your code in Visual Studio, since you can set a breakpoint at the entry to DoBinding, check that the types of the arguments are as you expected, and step through the code.</p>\r\n<p>Of course you can set a breakpoint on the semantic action itself.&nbsp; It will be one of the case branches in the DoAction method of the parser.&nbsp; However the parser code is harder to understand because it has all of the translation of the symbols like $N.</p>\r\n<p>John</p>\r\n<p>&nbsp;</p>",
    "PostedDate": "2012-03-28T22:47:44.43-07:00",
    "UserRole": null,
    "MarkedAsAnswerDate": null
  },
  {
    "Id": "817036",
    "ThreadId": "350403",
    "Html": "<p>Very thanks.</p>\r\n<p>I'm try to do a c#&nbsp; parser to do a &nbsp;, it has a new statment. like :</p>\r\n<p>q =&nbsp;&nbsp;new&nbsp;ArrayList();</p>\r\n<p>q = new String('c', 100);</p>\r\n<p>this will ok in&nbsp;also loaded dll. if not, it will make a error:</p>\r\n<p>q= new Form();</p>\r\n<p>q = new SqlConnection();</p>\r\n<p>in two example &nbsp;it will say can't find object in loaded assembles.</p>\r\n<p>it will also fail when i try to use&nbsp; assembly.Load :</p>\r\n<p>q= Assembly.Load(\"mscorlib\");&nbsp;</p>\r\n<p>&nbsp;// OK</p>\r\n<p>q= Assembly.Load(\"System.Windows.Forms\");</p>\r\n<p>// error :&nbsp;&nbsp;</p>\r\n<p>System.Reflection.TargetInvocationException&nbsp; :&nbsp; call&nbsp;object has error.</p>\r\n<p>InnerException:</p>\r\n<p>&nbsp;&nbsp;&nbsp;&nbsp; System.IO.FileNotFoundException :&nbsp; can't load file or assembly \"System.Windows.Forms\" or dep.&nbsp; can't find file.</p>\r\n<p>&nbsp;</p>\r\n<p>&nbsp;</p>",
    "PostedDate": "2012-03-29T02:24:21.537-07:00",
    "UserRole": null,
    "MarkedAsAnswerDate": null
  },
  {
    "Id": "817511",
    "ThreadId": "350403",
    "Html": "<p>Sorry, it's my wrong.</p>\r\n<p>I use .net 4.0 runtime. but i use gplex is 2.0 .&nbsp; After recomplier all is ok.</p>\r\n<p>very thank you.</p>\r\n<p>your app are very useful to us.</p>",
    "PostedDate": "2012-03-29T20:42:45.983-07:00",
    "UserRole": null,
    "MarkedAsAnswerDate": null
  }
]