[
  {
    "Id": "1105253",
    "ThreadId": "461579",
    "Html": "I see in gplex.pdf the text &quot;Code that you generate with gplex is not covered by the gplex licence, it is your own.&quot; \r<br />\n<br />\nAm I correct to assume the same for the code generated by gppg? even if I include in my project the source code for &quot;ShiftReduceParser&quot;? <br />\n",
    "PostedDate": "2013-10-08T16:52:53.25-07:00",
    "UserRole": null,
    "MarkedAsAnswerDate": null
  },
  {
    "Id": "1105818",
    "ThreadId": "461579",
    "Html": "Yes, you are correct.  The code that either of the tools generate is yours to do with as you will.  Any GP* libraries that you bundle up with an application that you produce are also free to use in either unmodified or modified form.  However, the original copyright notice must be included in the source.<br />\n",
    "PostedDate": "2013-10-09T22:54:25.38-07:00",
    "UserRole": null,
    "MarkedAsAnswerDate": null
  }
]