[
  {
    "Id": "807328",
    "ThreadId": "347787",
    "Html": "<p>Hello! Thank you for GPPG. I use it in my course on compiler construction over three years (Russia, Southern Federal University, faculty of mechanics, mathematics and computer sciences).</p>\n<p>One question. How correclly make semantic value ref type? Documentation says that it's possible. But I don't see good way.</p>\n<p>I do the following things:</p>\n<p>1. I define class Union { } instead of %union - this is perfectly clear</p>\n<p>2. I write %YYSTYPE NameSpace.Union</p>\n<p>3. In all lex branches I write following lines:</p>\n<p>yylval = new Union();<br /> yylval.ti = new token_info(yytext);</p>\n<p>I.e. I write yylval = new Union(); before any lexical action. Am I right?</p>\n<p>4. In yacc-generated file I write by hands the following line:</p>\n<p>&nbsp; protected override void DoAction(int action)<br /> &nbsp; {<br /> &nbsp;&nbsp;&nbsp;&nbsp;&nbsp; CurrentSemanticValue = new Union();&nbsp;&nbsp;&nbsp; /// Oh!!!!!</p>\n<p>&nbsp;</p>\n<p>Am I right?</p>\n<div>It seems to me<span id=\"result_box\" lang=\"en\"><span>&nbsp;</span><span> there is</span> <span>another way... But </span></span>there is no <span id=\"result_box\" lang=\"en\"> <span>appropriate </span></span>example in <span id=\"result_box\" lang=\"en\"><span>documentation or in distributive. Even gppg.y uses old %</span></span>union<span lang=\"en\"><span>&nbsp;</span></span></div>\n<div>\n<p>&nbsp;</p>\n<span lang=\"en\"><span>Mikhalkovich Stanislav<br /> </span></span></div>",
    "PostedDate": "2012-03-08T01:20:13.643-08:00",
    "UserRole": null,
    "MarkedAsAnswerDate": null
  },
  {
    "Id": "812354",
    "ThreadId": "347787",
    "Html": "<p>Hi All.</p>\n<p>And thanks to Mikhalkovich for raising this important point.</p>\n<p>It is true that all the&nbsp;programs in the distribution, including the examples do not use reference types for YYSTYPE.&nbsp; I will include a simple example for the future, because using reference types is a little different.&nbsp; The most important point is that the \"CurrentValue\" belonging to the parser needs to be explicitly created.</p>\n<p>However, using a reference type is almost always the best choice for compilers, or other tools that create abstract syntax trees.&nbsp; Here is an outline of how that might work.</p>\n<p>Define a new abstract class, say call it \"Node\", and declare</p>\n<p>%YYSTYPE Namespace.Node</p>\n<p>Now, Node will have derived&nbsp;classes like ExpressionNode, StatementNode, StatementListNode, BlockNode and so on.&nbsp; Each of these classes will have a static method called MakeExpressionNode, MakeStatementNode and so on taking appropriate argument types. The lists will also have method to add new elements, and so on.&nbsp; For simplicity I will assume that the names of the sub-types correspond to the names of the non-terminal symbols that they represent. However, an abstract syntax tree&nbsp;would probably&nbsp;use the same BinaryNode type for ALL expressions of binary valence.</p>\n<p>Now a production such as for Block, would like like this --</p>\n<p>Block : '{' StatementList '}'&nbsp;&nbsp;&nbsp;&nbsp;&nbsp;&nbsp;&nbsp; { $$ = MakeBlockNode($2); } // $2 is of type StatementListNode</p>\n<p>&nbsp;&nbsp;&nbsp;&nbsp;&nbsp;&nbsp;&nbsp;&nbsp; ;</p>\n<p>StatementList : Statement&nbsp;&nbsp;&nbsp;&nbsp;&nbsp;&nbsp; { $$ = MakeStatementListNode($1); } // Method creates a singleton list.</p>\n<p>&nbsp;&nbsp;&nbsp;&nbsp;&nbsp;&nbsp;&nbsp;&nbsp;&nbsp;&nbsp;&nbsp;&nbsp;&nbsp;&nbsp;&nbsp;&nbsp;&nbsp;&nbsp;&nbsp;&nbsp;&nbsp; | StatementList&nbsp; Statement&nbsp; { $1.Append($2); $$ = $1; } // no new object needed</p>\n<p>&nbsp;&nbsp;&nbsp;&nbsp;&nbsp;&nbsp;&nbsp;&nbsp;&nbsp;&nbsp;&nbsp;&nbsp;&nbsp;&nbsp;&nbsp;&nbsp;&nbsp;&nbsp;&nbsp;&nbsp;&nbsp; ;</p>\n<p>Note that the fields of these classes will generally be of sub-types of Node, so the incoming arguments of Node type must be cast to the appropriate type inside the factory method, or in the text of the semantic action.</p>\n<p>Hope this helps to get everyone started.&nbsp; I will post a full example soon.</p>",
    "PostedDate": "2012-03-19T01:49:37.21-07:00",
    "UserRole": null,
    "MarkedAsAnswerDate": null
  },
  {
    "Id": "814523",
    "ThreadId": "347787",
    "Html": "<p>Hi John!</p>\n<p>Thank you for your answer and example. It is absolutely clear for me.</p>\n<p>Your<span id=\"result_box\" class=\"short_text\" lang=\"en\"><span class=\"hps\"> approach is good and simple but has some problems in my project.</span></span></p>\n<p><span class=\"short_text\" lang=\"en\"><span class=\"hps\">1. My compiler has about 800 rules and about 70 fields in Union type. Among them </span></span>there <span class=\"short_text\" lang=\"en\"><span class=\"hps\">are such fields as SyntaxTreeNode (</span></span>base class for all nodes in syntax tree<span class=\"short_text\" lang=\"en\"><span class=\"hps\">),  Object, List&lt;</span></span><span class=\"short_text\" lang=\"en\"><span class=\"hps\">int</span></span><span class=\"short_text\" lang=\"en\"><span class=\"hps\">&gt;, bool. For example:</span></span></p>\n<p><span class=\"short_text\" lang=\"en\"><span class=\"hps\">for_statement : FOR id := expr direction expr DO statement { $$ = new ForNode($2,$4,$6,$8,$5,@$); }</span></span></p>\n<p><span class=\"short_text\" lang=\"en\"><span class=\"hps\">direction : TO {$$ = true;}</span></span></p>\n<p><span class=\"short_text\" lang=\"en\"><span class=\"hps\">&nbsp;&nbsp;&nbsp;&nbsp;&nbsp;&nbsp;&nbsp;&nbsp;&nbsp;&nbsp;&nbsp;&nbsp;&nbsp;&nbsp; | DOWNTO </span> </span><span class=\"short_text\" lang=\"en\"><span class=\"hps\">{$$ = false;} </span> </span></p>\n<p><span class=\"short_text\" lang=\"en\"><span class=\"hps\">&nbsp;&nbsp;&nbsp;&nbsp;&nbsp;&nbsp;&nbsp;&nbsp;&nbsp;&nbsp;&nbsp;&nbsp;&nbsp;&nbsp; ;</span></span></p>\n<p><span class=\"short_text\" lang=\"en\"><span class=\"hps\">This example demonstates </span> </span>the necessity to use types such as bool together with types <span class=\"short_text\" lang=\"en\"> <span class=\"hps\">SyntaxTreeNode.</span></span></p>\n<p><span class=\"short_text\" lang=\"en\"><span class=\"hps\">How to modify your approach with </span></span>%YYSTYPE RealTree.Node? I think there are 2 ways.</p>\n<p>The 1-st one is to use %union with 4-5 fields and with <span class=\"short_text\" lang=\"en\"> <span class=\"hps\">SyntaxTreeNode as one of these fields. </span></span></p>\n<p>The 2-nd one is to use <span class=\"short_text\" lang=\"en\">&nbsp;</span>%YYSTYPE Mynamespace.Node and to make fictive nodes such as Fictive<span class=\"short_text\" lang=\"en\"><span class=\"hps\">SyntaxTreeNodeForBoolean, </span></span>Fictive<span class=\"short_text\" lang=\"en\"><span class=\"hps\">SyntaxTreeNodeForListObjects with the only field in every such class. <br /> </span></span></p>\n<p><span class=\"short_text\" lang=\"en\"><span class=\"hps\">Both ways have one defect: they require EXPLICIT TYPE CAST in situations such as</span></span></p>\n<p>expr : expr + expr { $$ = new BinaryNode((ExprNode)$1,(ExprNode)$2,@$); }</p>\n<p>These type casts slows parsing of big program code about two times. I want to write</p>\n<p>expr : expr + expr { $$ = new BinaryNode($1,$2,@$); }</p>\n<p>and to have gain in performance 2 times!</p>\n<p>I want to solve this problem in the following way. I'll use %union with 5-6 fields: <span class=\"short_text\" lang=\"en\"><span class=\"hps\">SyntaxTreeNode and some other </span></span>most frequent Nodes (4-5). I think this approach will be the middle way between reftype and big valuetype SemanticValue. I <span id=\"result_box\" class=\"short_text\" lang=\"en\"><span class=\"hps\">draw your</span> <span class=\"hps\">attention to the fact</span> <span class=\"hps\">that in situation where I used big </span></span>valuetype SemanticValue (70-80 fields), I received the catastrophic runtime error StackOverflow (!!! - only under Win 7 - 64). Since that I decided not to use big valuetyped SemanticValue or to use reftype SemanticValue... Now I test this approach on performance.</p>\n<p>&nbsp;</p>\n<p>And one question on your code <a id=\"fileDownload4\" class=\"FileNameLink\" tabindex=\"9\" href=\"../releases/view/80821#DownloadId=357984\"> RealTree Example</a></p>\n<p>You write:</p>\n<p>stat<br /> ... &nbsp;&nbsp; | LITERAL&nbsp;&nbsp;&nbsp; &nbsp;&nbsp;&nbsp; &nbsp;&nbsp;&nbsp; { $$ = $1; }</p>\n<p>and</p>\n<p>expr<br /> ...&nbsp;&nbsp;&nbsp; |&nbsp; LITERAL&nbsp;&nbsp;&nbsp;&nbsp;&nbsp;&nbsp;&nbsp;&nbsp;&nbsp; // $$ is automatically lexer.yylval</p>\n<p>Why in first case you write $$ = $1; and in second one you say this assignment <span id=\"result_box\" class=\"short_text\" lang=\"en\"><span class=\"hps\">will occur automatically? </span></span>What is the the fundamental difference between these two cases?</p>\n<p>And I <span id=\"result_box\" class=\"short_text\" lang=\"en\"><span class=\"hps\">thought that in case when </span></span><span class=\"short_text\" lang=\"en\"><span class=\"hps\">&nbsp;</span></span>%YYSTYPE is reftype <span id=\"result_box\" class=\"short_text\" lang=\"en\"><span class=\"hps\">the default action is </span></span></p>\n<p><span id=\"result_box\" class=\"short_text\" lang=\"en\"><span class=\"hps\">$$ = null </span></span></p>\n<p><span id=\"result_box\" class=\"short_text\" lang=\"en\"><span class=\"hps\">but not a <br /> </span></span></p>\n<p><span id=\"result_box\" class=\"short_text\" lang=\"en\"><span class=\"hps\">$$ = $1</span></span></p>\n<p><span class=\"short_text\" lang=\"en\"><span class=\"hps\">Am I wrong?<br /> </span></span></p>\n<p><span id=\"result_box\" class=\"short_text\" lang=\"en\">&nbsp;</span></p>",
    "PostedDate": "2012-03-23T02:29:22.31-07:00",
    "UserRole": null,
    "MarkedAsAnswerDate": null
  },
  {
    "Id": "816945",
    "ThreadId": "347787",
    "Html": "<p>Hi <span lang=\"en\"><span>Mikhalkovich</span></span></p>\r\n<p><span lang=\"en\"><span>Yes, you are correct.&nbsp; In your case creating a small \"union\" with a Node field and some primitive types is a good choice.&nbsp; If you declare the types of the non-terminals in the *.y file, then the field selection inside the semantic actions will be automatic.</span></span></p>\r\n<p><span lang=\"en\"><span>As to your last questions:&nbsp; The different treatment of the the default actions was just carelessness on my part. It is not wrong, just not consistent.</span></span></p>\r\n<p><span lang=\"en\"><span>The default action for productions with empty right hand side is $$ = default(TValue).&nbsp; So if %YYSTYPE is a reference type $$ = null.</span></span></p>\r\n<p><span lang=\"en\"><span>The default action for any other production is $$ = $1.&nbsp;&nbsp; In the case that the first symbol is a terminal this will be the scanner yylval at the time that the terminal was scanned.&nbsp;&nbsp; For most scanners the yylval value will only be set for those symbols that actually have some extra information&nbsp;to pass to the parser.&nbsp; For my RealTree example this only happens for numbers (passing a leaf node holding the double value), or for a variable name (passing a leaf node holding the name character).</span></span></p>\r\n<p><span lang=\"en\"><span>&nbsp;</span></span><span lang=\"en\"><span>If I were to follow your example and declare a %union for the RealTree example it would allow the scanner to directly pass the double or the char and the tree builder would then access those fields to construct the leaf nodes.</span></span></p>\r\n<p><span lang=\"en\"><span>Sometimes it may be important to know that the \"default action\" is executed even if there is a user-specified action.&nbsp; So if wish to have a semantic action that goes</span></span></p>\r\n<p><span lang=\"en\"><span>{ $$ = $1; DoSomething($2); }</span></span></p>\r\n<p><span lang=\"en\"><span>then you may leave out the first statement, since the default action will perform the assignment anyway.&nbsp; I have considered having the default action performed ONLY if there is no user-defined action, but making such a change would break existing applications!</span></span></p>\r\n<p><span lang=\"en\"><span>John</span></span></p>",
    "PostedDate": "2012-03-28T22:27:55.35-07:00",
    "UserRole": null,
    "MarkedAsAnswerDate": null
  }
]