[
  {
    "Id": "843077",
    "ThreadId": "357835",
    "Html": "\r\n<p>Hi,</p>\r\n<p>I was wondering if it is possible to use GPPG in an&nbsp;Interactive toplevel enviroment.</p>\r\n<p>If yes are there any example or any guidelines to follow?</p>\r\n",
    "PostedDate": "2012-05-31T05:49:51.51-07:00",
    "UserRole": null,
    "MarkedAsAnswerDate": null
  },
  {
    "Id": "845431",
    "ThreadId": "357835",
    "Html": "<p>Hi baucez.&nbsp; Well, gppg parsers can work with any scanner, interactive or not.&nbsp; However building interactive *scanners* is sometimes tricky.</p>\r\n<p>If you have an incremental scanner, one that returns symbols as they are typed in, then the parser may behave a little unexpectedly.</p>\r\n<p>gppg parsers can sometimes make a parsing decision without needing a lookahead symbol, but in other circumstances will not make a move until it has seen the next symbol.&nbsp; This sometimes appears a little odd.</p>\r\n<p>Writing interactive scanners is likewise tricky, because a scanner needs one character of lookahead before it can declare that it has recognized *any* regular expression. For example if you have a C# scanner that has just read f,o,r, then it cannot return the token \"keyword-for\" without checking if the following characters are \"each\".&nbsp; Usually it can work if input is read line-by-line and no regular expression contains a line-separator.</p>\r\n<p>Other than this I can't give any general guidelines.</p>\r\n<p>Cheers</p>\r\n<p>John</p>",
    "PostedDate": "2012-06-06T02:10:43.5-07:00",
    "UserRole": null,
    "MarkedAsAnswerDate": null
  }
]