[
  {
    "Id": "1368902",
    "ThreadId": "588676",
    "Html": "Hi, I got lex and y files of ansi C (<a href=\"http://www.quut.com\" rel=\"nofollow\">http://www.quut.com</a>) and modify them by gppg compatible way. All ok, but I need &quot;COMMENT&quot; token for lexer. So my parser did not know about this token and failed every time. I am new in parsers theory, but I know about error discarding mode:\r<br />\nSo my questions: 1) how to use token discard mechanism of PGGP? 2) if i don't want use error discard mode - how can I fix 'C' grammar from <a href=\"http://www.quut.com\" rel=\"nofollow\">www.quut.com</a> for COMMENT token?<br />\n",
    "PostedDate": "2015-03-21T04:51:08.287-07:00",
    "UserRole": null,
    "MarkedAsAnswerDate": null
  },
  {
    "Id": "1375589",
    "ThreadId": "588676",
    "Html": "Hi fsmoke<br />\nThanks for the enquiry.  This is a common question -- there are some input sequences that you want to recognize (to make sure that they are well formed) but are white-space as far as the parser is concerned.   There are two ways of doing this.  The first is to write a rule in your lex file to recognize the pattern <em>but do not return a token</em>.<br />\nYou can see an example of this in the file gppg.lex.  Look at lines 95 to 111.<br />\n<br />\nThe other method is a little more complicated.  If you look at any scanner file produced by GPLEX you will see that the yylex function goes ...<br />\ndo {next = Scan(); } while (next &gt;= parserMax); return next;<br />\nThe idea is that the parser only wants to know about token values below parserMax.  If you lex file does not define this value then you get ALL the tokens.  However if you define parserMax in the *.y file then all of the tokens with higher numbers will be not be passed on to the parser.   You will see an example of this in gplex.y and gplex.lex. <br />\nIn gplex.y you have, at line 29 <br />\n%token maxParseToken EOL csCommentL errTok repErr<br />\nThis is the last line of token declarations, so the last four are &gt; maxParserToken.   This means that although the gplex.lex file says things like (line 89)<br />\n&lt;*&gt;{OneLineCmnt} { return (int)Tokens.csCommentL; }<br />\nthe returned token will never make it out of yylex and through to the parser.<br />\nSo, why would anyone want to write a &quot;return someToken&quot; that the parser would never see?<br />\nWell sometimes a scanner can have more than one client.  For example if you have a scanner that feeds a parser, and also a text editor, the parser wants to skip comments, but the editor wants to see them, so it can color them a different color.  There is a bit about &quot;colorizing scanners&quot; in the manual, in section 1.2.1<br />\n<br />\nBest of luck with the project.<br />\nJohn<br />\n",
    "PostedDate": "2015-03-22T16:46:58.69-07:00",
    "UserRole": null,
    "MarkedAsAnswerDate": "2015-03-22T16:57:32.887-07:00"
  }
]