{
  "WorkItem": {
    "AffectedComponent": {
      "Name": "",
      "DisplayName": ""
    },
    "ClosedComment": "",
    "ClosedDate": null,
    "CommentCount": 0,
    "Custom": null,
    "Description": "The file GplexBuffers.cs is referenced by the GPPG project in the source code, but is not included in the distribution file gppg-distro-1.3.6.zip.",
    "LastUpdatedDate": "2013-02-21T15:50:17.097-08:00",
    "PlannedForRelease": "",
    "ReleaseVisibleToPublic": false,
    "Priority": {
      "Name": "Low",
      "Severity": 50,
      "Id": 1
    },
    "ProjectName": "gppg",
    "ReportedDate": "2010-02-01T07:37:35.62-08:00",
    "Status": {
      "Name": "Proposed",
      "Id": 1
    },
    "ReasonClosed": {
      "Name": "Unassigned"
    },
    "Summary": "Missing source file GplexBuffers.cs",
    "Type": {
      "Name": "Issue",
      "Id": 3
    },
    "VoteCount": 1,
    "Id": 5204
  },
  "FileAttachments": [],
  "Comments": [
    {
      "Message": "The GplexBuffers.cs file is not normally distributed with the sources.  Both it and the frame file are embedded resources of the gplex.  When you generate a new scanner with gplex you get a version-matched scanner.cs and gplexbuffers.cs file generated.  Try running the GenerateAll.bat file in the specs sub-directory.\r\n\r\nOf course, to be consistent I should probably also leave out the scanner.cs and parser.cs files from the distribution.  That might make it more clear that you need to generate a whole matching set of sources from the specifications files.",
      "PostedDate": "2010-02-01T23:23:45.2-08:00",
      "Id": -2147483648
    },
    {
      "Message": "",
      "PostedDate": "2013-02-21T15:50:17.097-08:00",
      "Id": -2147483648
    }
  ]
}