[
  {
    "Id": 4740,
    "Title": "recurse2 function"
  },
  {
    "Id": 5037,
    "Title": "Documentation"
  },
  {
    "Id": 5067,
    "Title": "Concurrency and scalability"
  },
  {
    "Id": 5204,
    "Title": "Missing source file GplexBuffers.cs"
  },
  {
    "Id": 7605,
    "Title": "Action validator does not honor C# strings"
  },
  {
    "Id": 7606,
    "Title": "Verbatim string definition does not correspond to C# specification"
  },
  {
    "Id": 8035,
    "Title": "invalid filename for preprocessor on gppg output"
  },
  {
    "Id": 8094,
    "Title": "non-zero error code when gppg fails on input"
  },
  {
    "Id": 8110,
    "Title": "empty switch block warning"
  },
  {
    "Id": 8142,
    "Title": "Implementing the semantic value type (%union) with subclassing?"
  },
  {
    "Id": 8255,
    "Title": "Grammars which should be equivalent?"
  },
  {
    "Id": 8565,
    "Title": "Generics with 2 arguments not supported in union"
  },
  {
    "Id": 10934,
    "Title": "Mark generated code with the GeneratedCode attribute"
  },
  {
    "Id": 11249,
    "Title": "generated code output \"#line default\" missing, blanks missing"
  },
  {
    "Id": 11338,
    "Title": "Wrong keyword in documentation -- definitions vs defines"
  },
  {
    "Id": 11340,
    "Title": "Ability to create separate C# file with tokens"
  },
  {
    "Id": 11341,
    "Title": "Expose current token for error messages (yyerror)"
  },
  {
    "Id": 11344,
    "Title": "nonassoc works as right association"
  },
  {
    "Id": 11926,
    "Title": "Default semantic action for reductions isn't $1"
  },
  {
    "Id": 13110,
    "Title": "Undefined error message"
  },
  {
    "Id": 13178,
    "Title": "Display Strings might get incorrect"
  },
  {
    "Id": 13217,
    "Title": "Feature request: enable precompiler directives"
  },
  {
    "Id": 13943,
    "Title": "Error Recovery with EOF"
  }
]