{
  "WorkItem": {
    "AffectedComponent": {
      "Name": "",
      "DisplayName": ""
    },
    "ClosedComment": "",
    "ClosedDate": null,
    "CommentCount": 0,
    "Custom": null,
    "Description": "This discussion applies to the documentation for both gppg and gplex. \n \nThese are greate tools, very useful, and very nicely executed. The documentation too, is excellent. There is just one thing that would make it more useful: a Table Of Contents. An Index, too, would also be very helpful, but takes more work to generate. I don't know what source tool you used for the PDF files, but MS Word (for example) can generate or maintain a TOC very simply and easily.",
    "LastUpdatedDate": "2013-02-21T15:50:17.46-08:00",
    "PlannedForRelease": "",
    "ReleaseVisibleToPublic": false,
    "Priority": {
      "Name": "Low",
      "Severity": 50,
      "Id": 1
    },
    "ProjectName": "gppg",
    "ReportedDate": "2010-01-05T07:27:14.537-08:00",
    "Status": {
      "Name": "Proposed",
      "Id": 1
    },
    "ReasonClosed": {
      "Name": "Unassigned"
    },
    "Summary": "Documentation",
    "Type": {
      "Name": "Issue",
      "Id": 3
    },
    "VoteCount": 1,
    "Id": 5037
  },
  "FileAttachments": [],
  "Comments": [
    {
      "Message": "Hi itronlarry.  Thanks for the reminder.  The documentation is constructed using LaTeX, in its pdflatex form.   There are good facilities for generating an index with this system.  However, maybe it would be more helpful to combine all the gplex documentation back into a single PDF file and index that?\r\n\r\nThis might take a few days to do, but I will give it some priority.",
      "PostedDate": "2010-01-05T17:24:51.357-08:00",
      "Id": -2147483648
    },
    {
      "Message": "That would be great, John, thanks very much and thanks again for the nice work you have done on these very useful tools.",
      "PostedDate": "2010-01-06T07:08:49.163-08:00",
      "Id": -2147483648
    },
    {
      "Message": "PS John, I am not a LaTeX guy but it appears that adding a TOC containing all the auto-numbered headers is nearly trival (see http://www.image.ufl.edu/help/latex/toc.shtml) so I hope you can do that at the same time. Thanks again!",
      "PostedDate": "2010-01-07T13:30:40.957-08:00",
      "Id": -2147483648
    },
    {
      "Message": "Both lots of documentation have been reformatted and now contain tables of contents, lists of figures and a hyperlinked index.  There is also a new appendix in the gppg documentation.  Note that the new versions are available as separate downloads, the embedded documentation in the main distro zip-files is still the old version.  When the main distros get refreshed they will get the new versions also.",
      "PostedDate": "2010-01-14T03:52:31.6-08:00",
      "Id": -2147483648
    },
    {
      "Message": "Awesome! I already downloaded and looked. Will print tomorrow when I'm at the office with the fast printer. Will be a great help for finding things in the documentation. Thanks for the fast response!",
      "PostedDate": "2010-01-14T09:59:02.16-08:00",
      "Id": -2147483648
    },
    {
      "Message": "",
      "PostedDate": "2013-02-21T15:50:17.46-08:00",
      "Id": -2147483648
    }
  ]
}