{
  "WorkItem": {
    "AffectedComponent": {
      "Name": "",
      "DisplayName": ""
    },
    "ClosedComment": "",
    "ClosedDate": null,
    "CommentCount": 0,
    "Custom": null,
    "Description": "Declaring e.g.\n\n```\n%token BEGINACTION \"begin Action\"\n```\n\nwill result in strings that look like e.g.\n\n> Syntax error, unexpected \"begin€tion\", [...]\n\nThat’s because the code generated contains\n\n```\n    aliasses.Add(142, \"\\\"begin\\x20Action\\\"\");\n```\n\nBut the C# spec, 2.4.4.4 Character literals, defines \n\n> hexadecimal-escape-sequence: \\x hex-digit hex-digit(opt) hex-digit(opt) hex-digit(opt)\n\nThat means that the string added to aliasses does not contain an escaped space character \\x20 followed by the characters \"Ac\", but an escaped Euro symbol \\x20Ac.\n\nThis of course happens with other characters and other strings as well.",
    "LastUpdatedDate": "2015-04-17T06:40:15.063-07:00",
    "PlannedForRelease": "",
    "ReleaseVisibleToPublic": false,
    "Priority": {
      "Name": "Unassigned",
      "Severity": 0,
      "Id": 0
    },
    "ProjectName": "gppg",
    "ReportedDate": "2014-08-04T05:02:16.203-07:00",
    "Status": {
      "Name": "Proposed",
      "Id": 1
    },
    "ReasonClosed": {
      "Name": "Unassigned"
    },
    "Summary": "Display Strings might get incorrect",
    "Type": {
      "Name": "Unassigned",
      "Id": 5
    },
    "VoteCount": 1,
    "Id": 13178
  },
  "FileAttachments": [],
  "Comments": [
    {
      "Message": "A solution, of course, is trivial: Always use 4 digits when escaping with \"\\x\", e.g. \"\\x0020\".",
      "PostedDate": "2014-08-04T05:05:13.557-07:00",
      "Id": -2147483648
    },
    {
      "Message": "Hi Martin\nYes that does look like a problem.  However, can you clarify which tool is producing the Syntax error diagnostic.  I am unclear as to how such an alias string could be used in the context where CSC would expect an identifier.\nI will, in any case, fix the escaped string syntax in the next refresh.\nJohn",
      "PostedDate": "2014-08-14T21:34:24.283-07:00",
      "Id": -2147483648
    },
    {
      "Message": "Hi John,\nthe only issue here is the escaping. The example I wrote, “Syntax error, unexpected \"begin€tion\", [...]” is an (expected) message from the code generated by gppg while parsing invalid input. That was how I noticed the issue.\nThank you!\nMartin",
      "PostedDate": "2014-08-15T00:35:15.877-07:00",
      "Id": -2147483648
    },
    {
      "Message": "The status of this is “Proposed”, but I think it is fixed with 1.5.2?",
      "PostedDate": "2015-04-17T06:40:15.063-07:00",
      "Id": -2147483648
    }
  ]
}