{
  "WorkItem": {
    "AffectedComponent": {
      "Name": "",
      "DisplayName": ""
    },
    "ClosedComment": "",
    "ClosedDate": null,
    "CommentCount": 0,
    "Custom": null,
    "Description": "If action contains a string with $, gppg returns error saying \"Unknown special marker in semantic action\"\n \nSteps to reproduce:\n1. Create the following grammar:\n \n%start unit\n \n%%\n \nunit\n    :   /* empty */     { Console.WriteLine(\"$hello\"); }\n    ;\n \n//Note the \"$hello\". \n2. Try generating parser with gppg\n3. An error is shown\n \nIt looks like ScanAction.lex lacks string (both simple and verbatim) and character literal support. Code generator in GPPG supports strings correctly, so this is just an issue with action validator.\n \nMarius Klimantavicius",
    "LastUpdatedDate": "2013-02-21T15:50:16.937-08:00",
    "PlannedForRelease": "",
    "ReleaseVisibleToPublic": false,
    "Priority": {
      "Name": "Low",
      "Severity": 50,
      "Id": 1
    },
    "ProjectName": "gppg",
    "ReportedDate": "2010-11-07T21:57:57.23-08:00",
    "Status": {
      "Name": "Proposed",
      "Id": 1
    },
    "ReasonClosed": {
      "Name": "Unassigned"
    },
    "Summary": "Action validator does not honor C# strings",
    "Type": {
      "Name": "Issue",
      "Id": 3
    },
    "VoteCount": 1,
    "Id": 7605
  },
  "FileAttachments": [],
  "Comments": [
    {
      "Message": "The same goes for '@' special marker. For testing purposes you can use C# verbatim string:\r\n\r\n%start unit\r\n\r\n%%\r\n\r\nunit\r\n: /* empty */ { Console.WriteLine(@\"Hello\"); }\r\n;",
      "PostedDate": "2010-11-07T22:16:03.5-08:00",
      "Id": -2147483648
    },
    {
      "Message": "This issue is resolved in the source code repository, at revision 57269.  New distribution to come soon.",
      "PostedDate": "2010-11-08T17:40:37.42-08:00",
      "Id": -2147483648
    },
    {
      "Message": "",
      "PostedDate": "2013-02-21T15:50:16.937-08:00",
      "Id": -2147483648
    }
  ]
}