{
  "WorkItem": {
    "AffectedComponent": {
      "Name": "",
      "DisplayName": ""
    },
    "ClosedComment": "",
    "ClosedDate": null,
    "CommentCount": 0,
    "Custom": null,
    "Description": "Currently the tokens are written to the same file as the parser. Please add the ability to save them to separate file.\n\nReason: I have project on which the parser relies. However within such project I have to know the tokens, I cannot set the reference for parser, because it would be cyclic dependency. With separate file, I could move tokens file (automatically) into the other project.\n\nSo far I copy&paste tokens enum to solve this issue.",
    "LastUpdatedDate": "2013-02-21T15:50:15.04-08:00",
    "PlannedForRelease": "",
    "ReleaseVisibleToPublic": false,
    "Priority": {
      "Name": "Low",
      "Severity": 50,
      "Id": 1
    },
    "ProjectName": "gppg",
    "ReportedDate": "2012-11-06T08:25:59.32-08:00",
    "Status": {
      "Name": "Proposed",
      "Id": 1
    },
    "ReasonClosed": {
      "Name": "Unassigned"
    },
    "Summary": "Ability to create separate C# file with tokens",
    "Type": {
      "Name": "Issue",
      "Id": 3
    },
    "VoteCount": 1,
    "Id": 11340
  },
  "FileAttachments": [],
  "Comments": []
}