{
  "WorkItem": {
    "AffectedComponent": {
      "Name": "",
      "DisplayName": ""
    },
    "ClosedComment": "",
    "ClosedDate": null,
    "CommentCount": 0,
    "Custom": null,
    "Description": "2.3.5 in the documentation states that gppgp emits a struct for the %union type.\nWouldn't it be possible to achieve the same behaviour but using subclassing instead.\n \nHere is an idea.\nFor every type t declared in the %union construct, create a class which contains a public field of type t, named Content. (In other words, wrap each type t). All these classes would be subclasses of a common class, say SemanticValue.\nThen, in the rules, you could cast and then take the content.\n \nAn example, say %union is\n%union { public int iVal;\n              public List<int> intList;\n            }\nInternally, the parser would define 3 classes:\npublic class SemanticValue { }\npublic class WrapperIVal : SemanticValue { public int Content; }\npublic class WrapperIntList : SemanticValue { public List<int> Content; }\n \nSuppose now you have two rules:\n%type <intList> ExpList\n%type <iVal> Exp\n \nand ExpList production is:\nExpList: ExpList ',' Exp { $1.Add($3); $$ = $1; }\n          | Exp               { List<int> result = new List<int>(); result.Add($1); $$ = result; }\nTo translate $1 and $3 in the first rule, assuming x1 and x2 denote the value of type SemanticValue retrieved from the stack, then do ((WrapperIntList)x1).Content and ((WrapperIVal)x2).Content.\n \nHope this all makes sense... Maybe not as I haven't coded it to the end. So there may be a flaw somewhere.",
    "LastUpdatedDate": "2013-02-21T15:50:16.083-08:00",
    "PlannedForRelease": "",
    "ReleaseVisibleToPublic": false,
    "Priority": {
      "Name": "Low",
      "Severity": 50,
      "Id": 1
    },
    "ProjectName": "gppg",
    "ReportedDate": "2011-01-12T05:33:39.327-08:00",
    "Status": {
      "Name": "Proposed",
      "Id": 1
    },
    "ReasonClosed": {
      "Name": "Unassigned"
    },
    "Summary": "Implementing the semantic value type (%union) with subclassing?",
    "Type": {
      "Name": "Issue",
      "Id": 3
    },
    "VoteCount": 1,
    "Id": 8142
  },
  "FileAttachments": [],
  "Comments": []
}