{
  "WorkItem": {
    "AffectedComponent": {
      "Name": "",
      "DisplayName": ""
    },
    "ClosedComment": "",
    "ClosedDate": null,
    "CommentCount": 0,
    "Custom": null,
    "Description": "The gppg.lex has verbatim string defined as `VrbStr       @\\\"({VrbChs}|{EscChr}|{OctEsc}|{HexEsc}|{UniEsc}|{UNIESC})*\\\"` however this does not correspond to the C# specification.\nIt should be similar to:\nQuoEsc     \\\"\\\"\nVrbStr       @\\\"({VrbChs}|{QuoEsc})*\\\"\n \nNote it looks like this can impact in following case (provided the error [http://gppg.codeplex.com/workitem/7605] with action validator is fixed):\n%start unit\n \n%%\n \nunit\n: /* empty */ { Console.WriteLine(@\"Hello\"\"World\\\"); }\n;\n \n@\"Hello\"\"World\\\" corresponds to `Hello\"World\\` string, current gppg code will assume the following (if I understand correctly): VrbStr (skipped, token @\"Hello\"), then BadStr (error, token: \"World\\\"); }{eol})\n \nMarius Klimantavicius",
    "LastUpdatedDate": "2013-02-21T15:50:16.75-08:00",
    "PlannedForRelease": "",
    "ReleaseVisibleToPublic": false,
    "Priority": {
      "Name": "Low",
      "Severity": 50,
      "Id": 1
    },
    "ProjectName": "gppg",
    "ReportedDate": "2010-11-07T22:29:38.167-08:00",
    "Status": {
      "Name": "Proposed",
      "Id": 1
    },
    "ReasonClosed": {
      "Name": "Unassigned"
    },
    "Summary": "Verbatim string definition does not correspond to C# specification",
    "Type": {
      "Name": "Issue",
      "Id": 3
    },
    "VoteCount": 1,
    "Id": 7606
  },
  "FileAttachments": [],
  "Comments": [
    {
      "Message": "Yes, Marius is correct.  See gplex.lex for correct treatment.\r\nThis issue is fixed in the source repository, at revision 57269, together with other issues to do with proper treatment of semantic actions with strings containing '@' and '$' characters. ",
      "PostedDate": "2010-11-08T17:38:26.783-08:00",
      "Id": -2147483648
    },
    {
      "Message": "",
      "PostedDate": "2013-02-21T15:50:16.75-08:00",
      "Id": -2147483648
    }
  ]
}