{
  "WorkItem": {
    "AffectedComponent": {
      "Name": "",
      "DisplayName": ""
    },
    "ClosedComment": "",
    "ClosedDate": "2011-04-09T21:23:14.387-07:00",
    "CommentCount": 0,
    "Custom": null,
    "Description": "The following snippet is not valid when invoking gppg because of the generic with 2 arguments. It supports generics with 1 argument like List<string> but when comma is encountered it throws an error. I believe it must be allowed to use all generics.\n \n%union {\t\npublic string sVal;\npublic StringBuilder sbVal;\npublic KeyValuePair<string, string> kvp;\n}",
    "LastUpdatedDate": "2013-05-16T04:36:38.74-07:00",
    "PlannedForRelease": "",
    "ReleaseVisibleToPublic": false,
    "Priority": {
      "Name": "Low",
      "Severity": 50,
      "Id": 1
    },
    "ProjectName": "gppg",
    "ReportedDate": "2011-03-25T05:54:11.76-07:00",
    "Status": {
      "Name": "Closed",
      "Id": 4
    },
    "ReasonClosed": {
      "Name": "Unassigned"
    },
    "Summary": "Generics with 2 arguments not supported in union",
    "Type": {
      "Name": "Issue",
      "Id": 3
    },
    "VoteCount": 1,
    "Id": 8565
  },
  "FileAttachments": [],
  "Comments": [
    {
      "Message": "Ok, thanks for the report victorhurdagaci.  I will check it out and fix in the next refresh (real soon).",
      "PostedDate": "2011-03-30T19:41:54.807-07:00",
      "Id": -2147483648
    },
    {
      "Message": "This is now fixed in the code repository. I will get a new distribution uploaded either Friday or Saturday.",
      "PostedDate": "2011-03-30T21:22:13.207-07:00",
      "Id": -2147483648
    },
    {
      "Message": "Version 1.4.5, uploaded today fixes this.",
      "PostedDate": "2011-04-09T21:22:49.057-07:00",
      "Id": -2147483648
    },
    {
      "Message": "",
      "PostedDate": "2011-04-09T21:23:14.387-07:00",
      "Id": -2147483648
    },
    {
      "Message": "",
      "PostedDate": "2013-02-21T15:50:15.763-08:00",
      "Id": -2147483648
    },
    {
      "Message": "",
      "PostedDate": "2013-05-16T04:36:38.74-07:00",
      "Id": -2147483648
    }
  ]
}