{
  "WorkItem": {
    "AffectedComponent": {
      "Name": "",
      "DisplayName": ""
    },
    "ClosedComment": "",
    "ClosedDate": null,
    "CommentCount": 0,
    "Custom": null,
    "Description": "Hi,\n\nI found a little improvement that can be made on ShiftReduceParserCode.cs.\nWhen productions contains cascade error tokens only the most inner error is managed but then the parsing is interrupted causing an incomplete syntax tree.\nThis happens when I try to manage the closing errors of a block and blocks can be nested.\nFor example (c#):\n```\nclass c {\n    function f {\n```\nOn DiscardInvalidTokens method:\n```\nif (NextToken == endOfFileToken)\n    return false;\nif (FsaState.ParserTable.ContainsKey(NextToken))\n    action = FsaState.ParserTable[NextToken];\n```\nIt can be check if NextToken is contained in FsaState.ParserTable before checking if NextToken is EOF.\n```\nif (FsaState.ParserTable.ContainsKey(NextToken))\n    action = FsaState.ParserTable[NextToken];\nelse if (NextToken == endOfFileToken)\n    return false;\n```\nThis improve error recovery producing a more complete syntax tree.",
    "LastUpdatedDate": "2016-07-19T02:50:54.063-07:00",
    "PlannedForRelease": "",
    "ReleaseVisibleToPublic": false,
    "Priority": {
      "Name": "Unassigned",
      "Severity": 0,
      "Id": 0
    },
    "ProjectName": "gppg",
    "ReportedDate": "2016-07-19T02:45:18.487-07:00",
    "Status": {
      "Name": "Proposed",
      "Id": 1
    },
    "ReasonClosed": {
      "Name": "Unassigned"
    },
    "Summary": "Error Recovery with EOF",
    "Type": {
      "Name": "Unassigned",
      "Id": 5
    },
    "VoteCount": 1,
    "Id": 13943
  },
  "FileAttachments": [],
  "Comments": []
}