{
  "WorkItem": {
    "AffectedComponent": {
      "Name": "",
      "DisplayName": ""
    },
    "ClosedComment": "",
    "ClosedDate": null,
    "CommentCount": 0,
    "Custom": null,
    "Description": "In some applications (such as SOA services) it might be desireable to have multiple instances of a parser (and/or scanner) operating simultaneously, probably running on different threads. It appears that the classes generated by gplex/gppg are inherently thread-safe as long as each instance is instantiated and accessed by a single thread because the instances share no data; i.e they have no global (C# static) variables. This is good. At the same time, it seems to me that their scalability and performance could be optimized further by sharing the parse tables (etc) between multiple instances of the parser (or scanner) type. This not only reduces the memory footprint of these objects but could eliminate the cpu time needed to load the tables at runtime (e.g. in the parser Initialize() method). \n \nTwo options come to mind for making this change. One would be to simply have the parser generator generate C# initializers for such things as the state table data, and declare them as static class variables; thus they are populated at compile time. A second option which might require fewer changes to the existing code would be to continue to use a run time Initialize method, but make the method static (and protect it with a class level thread lock), and also have a static flag indicating whether it has been run yet. It could then be run only once per parser (or scanner) class type within an appdomain, not once per instance, as is now the case.",
    "LastUpdatedDate": "2013-02-21T15:50:17.29-08:00",
    "PlannedForRelease": "",
    "ReleaseVisibleToPublic": false,
    "Priority": {
      "Name": "Low",
      "Severity": 50,
      "Id": 1
    },
    "ProjectName": "gppg",
    "ReportedDate": "2010-01-07T13:13:49.313-08:00",
    "Status": {
      "Name": "Proposed",
      "Id": 1
    },
    "ReasonClosed": {
      "Name": "Unassigned"
    },
    "Summary": "Concurrency and scalability",
    "Type": {
      "Name": "Issue",
      "Id": 3
    },
    "VoteCount": 1,
    "Id": 5067
  },
  "FileAttachments": [],
  "Comments": [
    {
      "Message": "It is turning out there really is a significant performance issue due to this in our application. Have you had a chance to give my suggestion any thought?",
      "PostedDate": "2010-04-09T12:09:24.68-07:00",
      "Id": -2147483648
    },
    {
      "Message": "Hi All.  Ok, I'm on the case.  Should have some progress in about a week.  Cheers.",
      "PostedDate": "2010-04-13T23:30:09.8-07:00",
      "Id": -2147483648
    },
    {
      "Message": "This issue is resolved by version 1.4.0, now uploaded.",
      "PostedDate": "2010-04-18T16:41:02.36-07:00",
      "Id": -2147483648
    },
    {
      "Message": "Thanks, John. Did you take the approach of making the parser/scanner tables static?\r\nI appreciate all your hard work to make this tool even better.\r\n\r\nLarry",
      "PostedDate": "2010-04-19T06:57:39.643-07:00",
      "Id": -2147483648
    },
    {
      "Message": "The strategy was to generate the tables in the class constructor of Parser.  The base class ShiftReduceParser<X,Y> gets handed a reference during the Initialize() call.  No locking is needed.  \r\nIt is a subtle point that the generic class cannot hold the static reference itself, since if you have multiple *different* parsers that use the same type arguments for X and Y (int and LexSpan, for example) then the different parsers need different tables  but share the same ShiftReduceParser static class object.  \r\nStill, no sweat, with the changes Initialize() creates no objects and only copies a couple of references.  Much faster!",
      "PostedDate": "2010-04-28T04:19:56.837-07:00",
      "Id": -2147483648
    },
    {
      "Message": "John, thanks again. If I am reading the change lists correctly you have made this fix only to the generated parser, not to the scanner. Have you considered making a similar fix to the scanner? ",
      "PostedDate": "2010-04-28T06:46:03.75-07:00",
      "Id": -2147483648
    },
    {
      "Message": "",
      "PostedDate": "2013-02-21T15:50:17.29-08:00",
      "Id": -2147483648
    }
  ]
}