{
  "WorkItem": {
    "AffectedComponent": {
      "Name": "",
      "DisplayName": ""
    },
    "ClosedComment": "",
    "ClosedDate": null,
    "CommentCount": 0,
    "Custom": null,
    "Description": "Page 14, \"2.4.2 Creating a Token Deﬁnitions File\" lists \"definitions\" as keyword. Correct one is \"defines\".",
    "LastUpdatedDate": "2013-02-21T15:50:15.243-08:00",
    "PlannedForRelease": "",
    "ReleaseVisibleToPublic": false,
    "Priority": {
      "Name": "Low",
      "Severity": 50,
      "Id": 1
    },
    "ProjectName": "gppg",
    "ReportedDate": "2012-11-06T07:01:04.957-08:00",
    "Status": {
      "Name": "Proposed",
      "Id": 1
    },
    "ReasonClosed": {
      "Name": "Unassigned"
    },
    "Summary": "Wrong keyword in documentation -- definitions vs defines",
    "Type": {
      "Name": "Issue",
      "Id": 3
    },
    "VoteCount": 1,
    "Id": 11338
  },
  "FileAttachments": [],
  "Comments": []
}