{
  "WorkItem": {
    "AffectedComponent": {
      "Name": "",
      "DisplayName": ""
    },
    "ClosedComment": "",
    "ClosedDate": null,
    "CommentCount": 0,
    "Custom": null,
    "Description": "To reproduce follow this steps:\n\n\n1. from provided Calc.y build a parser (executable)\n\n\n2. run it\n\n\n3. enter \"10-3-2\"\n\n\n4. the outcome is \"5\" (correct)\n\n\n5. edit Calc.y\n\n\n6. change the associativity in line with \"-\" to \"%nonassoc\"\n\n\n7. repeat steps 1-3\n\n\n8. the outcome is \"9\" despite the fact there should be syntax error\n\n\nSorry for strange formatting, but it seems CodePlex supports only plain text.",
    "LastUpdatedDate": "2013-03-13T20:39:22.997-07:00",
    "PlannedForRelease": "",
    "ReleaseVisibleToPublic": false,
    "Priority": {
      "Name": "Low",
      "Severity": 50,
      "Id": 1
    },
    "ProjectName": "gppg",
    "ReportedDate": "2012-11-07T01:17:55.41-08:00",
    "Status": {
      "Name": "Proposed",
      "Id": 1
    },
    "ReasonClosed": {
      "Name": "Unassigned"
    },
    "Summary": "nonassoc works as right association",
    "Type": {
      "Name": "Issue",
      "Id": 3
    },
    "VoteCount": 1,
    "Id": 11344
  },
  "FileAttachments": [],
  "Comments": [
    {
      "Message": "Hi macias\nthanks for the two issues.  I shall have a look at both issues soon, and see if I can get fixes in the codebase.\nJohn",
      "PostedDate": "2013-03-13T20:39:22.997-07:00",
      "Id": -2147483648
    }
  ]
}