{
  "WorkItem": {
    "AffectedComponent": {
      "Name": "",
      "DisplayName": ""
    },
    "ClosedComment": "",
    "ClosedDate": null,
    "CommentCount": 0,
    "Custom": null,
    "Description": "It seems that when gppg fails, it still returns a zero code. At least it is the case for this input:\n%output Toto.cs\n%%\n \nRule:\n;;\n \nOn a windows cmd console, if I do gppg toto.y, it signals an error because the second semicolon is unexpected.\nHowever, if I type echo %ERRORLEVEL%, then it prints 0.\n \nTo give you some context, I am calling gppg as a pre-compilation command in my IDE. So when gppg fails to re-generate its output after I make a modification to the grammar, the IDE sees the 0 code and goes on with compilation. What it compiles is a previous version of the parser, and it is not convenient.\n \nDoes gppg always return a zero code? Would it be possible to have it return a non-zero code on errors. Thank you in advance.",
    "LastUpdatedDate": "2013-02-21T15:50:16.44-08:00",
    "PlannedForRelease": "",
    "ReleaseVisibleToPublic": false,
    "Priority": {
      "Name": "Low",
      "Severity": 50,
      "Id": 1
    },
    "ProjectName": "gppg",
    "ReportedDate": "2011-01-07T12:45:50.99-08:00",
    "Status": {
      "Name": "Proposed",
      "Id": 1
    },
    "ReasonClosed": {
      "Name": "Unassigned"
    },
    "Summary": "non-zero error code when gppg fails on input",
    "Type": {
      "Name": "Issue",
      "Id": 3
    },
    "VoteCount": 1,
    "Id": 8094
  },
  "FileAttachments": [],
  "Comments": [
    {
      "Message": "Yes the tool behaves as the issue states.  MC_OK (==0) is returned for ANY normal termination, including those with errors.  See page 6 of the V 1.4.4 documentation.\r\n\r\nI *could* change the code so that normal termination but with errors returns (say) 8.  Then those who want to check for error-free termination could test for return value exactly 0, while those who want the current behavior could check (retVal & 7).  What do others think?",
      "PostedDate": "2011-01-08T21:11:56.55-08:00",
      "Id": -2147483648
    },
    {
      "Message": "",
      "PostedDate": "2011-01-09T05:45:57.177-08:00",
      "Id": -2147483648
    },
    {
      "Message": "",
      "PostedDate": "2013-02-21T15:50:16.44-08:00",
      "Id": -2147483648
    }
  ]
}