{
  "WorkItem": {
    "AffectedComponent": {
      "Name": "",
      "DisplayName": ""
    },
    "ClosedComment": "",
    "ClosedDate": null,
    "CommentCount": 0,
    "Custom": null,
    "Description": "In the documentation pdf, it states:\n\n> For production right-hand-sides of all non-zero lengths, the default action\nis equivalent to “$$=$1”.\n\nHowever, it seems to mistakenly use \"$$ = $n\".\n\nIt seems to be a problem with ShiftReduceParser<>.Reduce(), when rule.RightHandSide.Length > 1:\n\n```\n// Default action: $$ = $1;\nCurrentSemanticValue = valueStack.TopElement();\n//  Default action \"@$ = @1.Merge(@N)\" for location info.\n```\nshould be\n```\n// Default action: $$ = $1;\nCurrentSemanticValue = valueStack[valueStack.Depth - rule.RightHandSide.Length];\n//  Default action \"@$ = @1.Merge(@N)\" for location info.\n```\n\nIn particular, this causes problems with the built-in $accept rule, which will always return the value passed by the lexer with the EOF token, rather than the value returned from the %start rule.",
    "LastUpdatedDate": "2013-07-10T04:16:07.89-07:00",
    "PlannedForRelease": "",
    "ReleaseVisibleToPublic": false,
    "Priority": {
      "Name": "Unassigned",
      "Severity": 0,
      "Id": 0
    },
    "ProjectName": "gppg",
    "ReportedDate": "2013-07-09T04:17:49.973-07:00",
    "Status": {
      "Name": "Proposed",
      "Id": 1
    },
    "ReasonClosed": {
      "Name": "Unassigned"
    },
    "Summary": "Default semantic action for reductions isn't $1",
    "Type": {
      "Name": "Unassigned",
      "Id": 5
    },
    "VoteCount": 1,
    "Id": 11926
  },
  "FileAttachments": [],
  "Comments": [
    {
      "Message": "Hi. you are quite right.  This code appears to have been wrong since day 1.  Your suggested \"should be\" code is correct.  I have made the change in the source repository, but it may be a few weeks before I get a refreshed distribution out.  Thanks for finding the error.\nJohn",
      "PostedDate": "2013-07-10T04:16:07.89-07:00",
      "Id": -2147483648
    }
  ]
}