{
  "WorkItem": {
    "AffectedComponent": {
      "Name": "",
      "DisplayName": ""
    },
    "ClosedComment": "",
    "ClosedDate": null,
    "CommentCount": 0,
    "Custom": null,
    "Description": "If I use literal ASCII values in the rules, the parser builder complains that I need to declare the tokens.  When I create a list of tokens, with literal ascii values, after a certain number I get an odd error message.\n\nc:\\>..\\..\\gplex\\gplex-distro-1.2.1\\binaries\\Gppg.exe /babel /conflicts /defines /errorstoconsole /gplex /listing /out:X680parse-e.cs /report /verbose /no-lines x680e.y\n\nUnexpected Error The given key was not present in the dictionary.\nGPPG: opened listing file <x680e.lst>\n\nDoes anyone have a clue what that is or how to solve it?",
    "LastUpdatedDate": "2014-07-03T02:09:26.333-07:00",
    "PlannedForRelease": "",
    "ReleaseVisibleToPublic": false,
    "Priority": {
      "Name": "Unassigned",
      "Severity": 0,
      "Id": 0
    },
    "ProjectName": "gppg",
    "ReportedDate": "2014-07-03T02:09:26.333-07:00",
    "Status": {
      "Name": "Proposed",
      "Id": 1
    },
    "ReasonClosed": {
      "Name": "Unassigned"
    },
    "Summary": "Undefined error message",
    "Type": {
      "Name": "Unassigned",
      "Id": 5
    },
    "VoteCount": 1,
    "Id": 13110
  },
  "FileAttachments": [],
  "Comments": []
}