{
  "WorkItem": {
    "AffectedComponent": {
      "Name": "",
      "DisplayName": ""
    },
    "ClosedComment": "",
    "ClosedDate": null,
    "CommentCount": 0,
    "Custom": null,
    "Description": "Please mark all the classes generated by GPPG with the GeneratedCodeAttribute ( http://msdn.microsoft.com/en-us/library/system.codedom.compiler.generatedcodeattribute.aspx )\n \nWithout this attribute, FxCop analyzes the code and gives errors.",
    "LastUpdatedDate": "2013-02-21T15:50:15.597-08:00",
    "PlannedForRelease": "",
    "ReleaseVisibleToPublic": false,
    "Priority": {
      "Name": "Low",
      "Severity": 50,
      "Id": 1
    },
    "ProjectName": "gppg",
    "ReportedDate": "2012-06-23T21:26:23.283-07:00",
    "Status": {
      "Name": "Proposed",
      "Id": 1
    },
    "ReasonClosed": {
      "Name": "Unassigned"
    },
    "Summary": "Mark generated code with the GeneratedCode attribute",
    "Type": {
      "Name": "Issue",
      "Id": 3
    },
    "VoteCount": 1,
    "Id": 10934
  },
  "FileAttachments": [],
  "Comments": [
    {
      "Message": "Hi victorhurdugaci\r\nOk, I shall fix this with the next refresh.\r\nJohn",
      "PostedDate": "2012-06-26T15:14:54.503-07:00",
      "Id": -2147483648
    },
    {
      "Message": "",
      "PostedDate": "2013-02-21T15:50:15.597-08:00",
      "Id": -2147483648
    }
  ]
}