{
  "WorkItem": {
    "AffectedComponent": {
      "Name": "",
      "DisplayName": ""
    },
    "ClosedComment": "Revision 59786 in the source code repository fixes this bug.  This is the revision corresponding to version 1.4.4",
    "ClosedDate": "2011-01-06T02:36:24.23-08:00",
    "CommentCount": 0,
    "Custom": null,
    "Description": "First, thank you for providing a robust LALR parser generator for C#. There aren't so many good open source ones out there.\n \nNow to the bug. When compiling example Calc.y, the output contained #line preprocessor directives of an invalid form.\nMore precisely, here is what I did on a windows system, starting from the testfiles directory:\n..\\binaries\\gppg.exe Calc.y > Calc.cs\ncsc.exe /r:..\\binaries\\QUT.ShiftReduceParser.dll Cacl.cs\n \nThe compiler signals several CS1560 errors (Invalid filename specified for preprocessor directive. Filename is too long or not a valid filename). One for each #line preprocessor directive. Indeed, these looked like:\n#line 2 \"Calc.y - 01/01/2011 19:16:08\"\n \nOf course /no-lines option solves this problem, but makes grammar debugging harder as the source line has to be traced back manually.\n \nI had a look at the code to see if I could catch the problem. Strangely, the manually compiled version of gppg (in Debug mode) did not have this bug.\nAlso, as a side-note, I noticed there does not seem to be any nunit non-regression unit testing project in the solution. How do you ensure non-regression?\n \nThank you.",
    "LastUpdatedDate": "2013-05-16T04:36:39.217-07:00",
    "PlannedForRelease": "",
    "ReleaseVisibleToPublic": false,
    "Priority": {
      "Name": "Low",
      "Severity": 50,
      "Id": 1
    },
    "ProjectName": "gppg",
    "ReportedDate": "2011-01-04T11:55:01.753-08:00",
    "Status": {
      "Name": "Closed",
      "Id": 4
    },
    "ReasonClosed": {
      "Name": "Unassigned"
    },
    "Summary": "invalid filename for preprocessor on gppg output",
    "Type": {
      "Name": "Issue",
      "Id": 3
    },
    "VoteCount": 1,
    "Id": 8035
  },
  "FileAttachments": [],
  "Comments": [
    {
      "Message": "My apologies to hymans and any others for whom this issue caused grief. The problem is caused by the change of the file-identifier format to append the input file last-revision date.  This extra information is nice for comments, but the #line directive must still use the bare filename.  The source repository revision 59752 fixed this problem within a week (in November 2010) but the release has not yet been updated to reflect this. \r\n\r\nI will try to get V1.4.4 out real soon now, in the meantime a build from source will fix it. ",
      "PostedDate": "2011-01-05T16:07:50.1-08:00",
      "Id": -2147483648
    },
    {
      "Message": "Thank you for the explanation.",
      "PostedDate": "2011-01-06T01:09:12.64-08:00",
      "Id": -2147483648
    },
    {
      "Message": "Version 1.4.4 is now released.  It fixes this issue as well as some other bugs.",
      "PostedDate": "2011-01-06T02:34:39.607-08:00",
      "Id": -2147483648
    },
    {
      "Message": "",
      "PostedDate": "2011-01-06T02:36:24.23-08:00",
      "Id": -2147483648
    },
    {
      "Message": "",
      "PostedDate": "2013-02-21T15:50:16.593-08:00",
      "Id": -2147483648
    },
    {
      "Message": "",
      "PostedDate": "2013-05-16T04:36:39.217-07:00",
      "Id": -2147483648
    }
  ]
}