{
  "WorkItem": {
    "AffectedComponent": {
      "Name": "",
      "DisplayName": ""
    },
    "ClosedComment": "",
    "ClosedDate": null,
    "CommentCount": 0,
    "Custom": null,
    "Description": "A small remark. \nWhen no action is present, as in this specification:\n%output=Parser.cs\n%%\n \nrule:;\n \n%%\n \npublic static void Main() { }\n \npublic Parser() : base(null) { }\n \ngppg will output a C# files which triggers an empty switch block warning from csc.\nIt would be nice to have no warnings. (In fact, it would be nice, that for any input, no gppg output generates warnings with the csc compiler)",
    "LastUpdatedDate": "2013-02-21T15:50:16.28-08:00",
    "PlannedForRelease": "",
    "ReleaseVisibleToPublic": false,
    "Priority": {
      "Name": "Low",
      "Severity": 50,
      "Id": 1
    },
    "ProjectName": "gppg",
    "ReportedDate": "2011-01-09T11:54:55.683-08:00",
    "Status": {
      "Name": "Proposed",
      "Id": 1
    },
    "ReasonClosed": {
      "Name": "Unassigned"
    },
    "Summary": "empty switch block warning",
    "Type": {
      "Name": "Issue",
      "Id": 3
    },
    "VoteCount": 2,
    "Id": 8110
  },
  "FileAttachments": [],
  "Comments": []
}