{
  "WorkItem": {
    "AffectedComponent": {
      "Name": "",
      "DisplayName": ""
    },
    "ClosedComment": "",
    "ClosedDate": null,
    "CommentCount": 0,
    "Custom": null,
    "Description": "The issues are generated by these methods\n\nvoid QUT.GPGen.CodeGenerator.InsertCodeSpan( LexSpan span)\nvoid QUT.GPGen.SemanticAction.GenerateCode(CodeGenerator codeGenerator)\n\n1. No \"#line default\" at end of the inserted code.\n   Compiler messages for a line after the grammar code pointing to wrong file.\n\n2. In front of the first line \"span.startColumn\" blanks should be inserted.\n   Compiler messages for the first line pointing to the wrong column\n\n3. Inserting #line in every line is not needed.\n   If there is no other reason for this, remove it, it makes the generated code bigger than needed\n\nTake a look of my version of void QUT.GPGen.CodeGenerator.InsertCodeSpan( LexSpan span) and QUT.GPGen.SemanticAction.GenerateCode(CodeGenerator codeGenerator) in the attachment.\n\nFor most developer it seems that it is enough to have the line of an error, but when you try to use this for a VS Extension, determining the exact location of the grammar code inside the generated code is necessary.\n\nRegards\nEmmo Emminghaus",
    "LastUpdatedDate": "2013-02-21T15:50:15.417-08:00",
    "PlannedForRelease": "",
    "ReleaseVisibleToPublic": false,
    "Priority": {
      "Name": "Low",
      "Severity": 50,
      "Id": 1
    },
    "ProjectName": "gppg",
    "ReportedDate": "2012-10-07T17:54:59.24-07:00",
    "Status": {
      "Name": "Proposed",
      "Id": 1
    },
    "ReasonClosed": {
      "Name": "Unassigned"
    },
    "Summary": "generated code output \"#line default\" missing, blanks missing",
    "Type": {
      "Name": "Issue",
      "Id": 3
    },
    "VoteCount": 1,
    "Id": 11249
  },
  "FileAttachments": [
    {
      "FileId": 4265,
      "FileName": "GPPG_Linepragma_issue.txt",
      "DownloadUrl": ".\\4265"
    }
  ],
  "Comments": [
    {
      "Message": "Thanks for the report Emmo.  I shall have a look at the issues and fold any change into the next refresh.",
      "PostedDate": "2012-10-09T21:06:23.91-07:00",
      "Id": -2147483648
    },
    {
      "Message": "",
      "PostedDate": "2013-02-21T15:50:15.417-08:00",
      "Id": -2147483648
    }
  ]
}