{
  "WorkItem": {
    "AffectedComponent": {
      "Name": "",
      "DisplayName": ""
    },
    "ClosedComment": "",
    "ClosedDate": null,
    "CommentCount": 0,
    "Custom": null,
    "Description": "I am having a different behaviour on two grammars that seem to me equivalent.\n \nConsider a grammar with only 3 tokens: A (for 'a'), DOT (for '.') and EQUAL (for '=').\nThe precedences are as follows\n \n%left DOT\n%right EQUAL\n \nThen the grammar goes:\nStatementExpression\n  : RestOfExpression\n  ;\nRestOfExpression\n  : EQUAL Expression\n  ;\nExpression\n  : Expression RestOfExpression\n  | Expression DOT Expression\n  | A\n  ;\n \nOn the input \"=a.a\", this grammar calls yyerror.\nHowever, there is no more error when changing the first rule StatementExpression to the following:\nStatementExpression\n  : EQUAL Expression\n  ;\n \nHowever, it seems to me that the two grammars are equivalent, so the behaviour should be exactly the same. What do you think?\n \nPlease find attached a lexer and parser file to reproduce this.",
    "LastUpdatedDate": "2013-02-21T15:50:15.917-08:00",
    "PlannedForRelease": "",
    "ReleaseVisibleToPublic": false,
    "Priority": {
      "Name": "Low",
      "Severity": 50,
      "Id": 1
    },
    "ProjectName": "gppg",
    "ReportedDate": "2011-01-27T09:56:08.047-08:00",
    "Status": {
      "Name": "Proposed",
      "Id": 1
    },
    "ReasonClosed": {
      "Name": "Unassigned"
    },
    "Summary": "Grammars which should be equivalent?",
    "Type": {
      "Name": "Issue",
      "Id": 3
    },
    "VoteCount": 1,
    "Id": 8255
  },
  "FileAttachments": [
    {
      "FileId": 2955,
      "FileName": "grammars.zip",
      "DownloadUrl": ".\\2955"
    }
  ],
  "Comments": [
    {
      "Message": "This is a rather counter-intuitive result, which depends on the way in which YACC and its offspring use operator precedence to resolve shift-reduce conflicts.  If gppg is run with the /report option the following is the critical state.  ( I shortened the names of the grammar symbols).\r\nState 5\r\n    Shortest prefix: EQUAL Expr\r\n    State path: 0->4->5\r\n\r\n  Kernel Items\r\n    3 Rest: EQUAL Expr .\r\n\t-lookahead: { EOF, DOT, EQUAL }\r\n    4 Expr: Expr . Rest\r\n    5 Expr: Expr . DOT Expr\r\n\r\nThe first item calls for a reduce action, and has production precedence equal to EQUAL (see details of the precedence algorithm on page 19 of the gppg.pdf documentation). The DOT lookahead has lower precedence and hence does not get shifted.  The problem goes away if %left DOT appears after %right EQUAL.\r\n\r\nBut, you ask, why does this not happen with the variant grammar?  Well, in this case the equivalent state has the report\r\n\r\nState 4\r\n    Shortest prefix: EQUAL Expr\r\n    State path: 0->3->4\r\n\r\n  Kernel Items\r\n    2 StmtExp: EQUAL Expr .\r\n\t-lookahead: { EOF }\r\n    4 Expr: Expr . Rest\r\n    5 Expr: Expr . DOT Expr\r\n\r\nWell in this case the reduction that is \"on offer\" has precedence the same as EQUAL, that is less that DOT, but in this case DOT is not in the lookahead set, and is not considered to predict the reduction.\r\n\r\nSome people think that relying on rather arbitrary operator precedence rules is a dangerous trick, simply because in cases like this it can be confusing.  Unfortunately the usage is an expected feature of parser generators of this type.  Also the alternative, setting precedence by having a hierarchy of expression, simple-expression, term, factor, primary, which does avoid the problem, can be pretty tedious.\r\n\r\nHope this helps ...\r\nJohn",
      "PostedDate": "2011-01-30T00:34:05.85-08:00",
      "Id": -2147483648
    },
    {
      "Message": "Thank you. It helps.\r\nIt is unfortunate the precedence algorithm is not compatible with intuitive rewrite rules of the grammar.",
      "PostedDate": "2011-02-07T09:25:57.543-08:00",
      "Id": -2147483648
    },
    {
      "Message": "This issue put the hook in me sufficiently to make me write a blog about the underlying issue.  The blog is at http://softwareautomata.blogspot.com/\r\n",
      "PostedDate": "2011-02-10T23:35:35.533-08:00",
      "Id": -2147483648
    },
    {
      "Message": "I thought about this issue some more, and wrote a blog about it \"YACC and the perils of operator precedence\".\r\nFind it at http://softwareautomata.blogspot.com/\r\n",
      "PostedDate": "2011-02-10T23:38:57.93-08:00",
      "Id": -2147483648
    },
    {
      "Message": "",
      "PostedDate": "2013-02-21T15:50:15.917-08:00",
      "Id": -2147483648
    }
  ]
}