{
  "WorkItem": {
    "AffectedComponent": {
      "Name": "",
      "DisplayName": ""
    },
    "ClosedComment": "",
    "ClosedDate": null,
    "CommentCount": 0,
    "Custom": null,
    "Description": "The Recurse2 function seems odd. When you look at it,\n \n        Result Recurse2(ref Context ctx, int next)\n        {\n            // Assert: at entry \"state\" is an accept state AND\n            //         NextState(state, code) != goStart AND\n            //         NextState(state, code) is not an accept state.\n            //\n            SaveStateAndPos(ref ctx);\n            state = next;\n            GetCode();\n \n            while ((next = NextState()) > eofNum)\n            {\n                if (state <= maxAccept && next > maxAccept) // need to update backup data\n                    SaveStateAndPos(ref ctx);\n                state = next;\n// Should we move this line to right after the \"while (...) {\" ???\n                if (state == eofNum) return Result.accept; // !!! this line isn't going to be hit in any case since the while condition already exclude it.\n \n                GetCode(); \n            }\n            return (state <= maxAccept ? Result.accept : Result.noMatch);\n        }",
    "LastUpdatedDate": "2013-02-21T15:50:17.627-08:00",
    "PlannedForRelease": "",
    "ReleaseVisibleToPublic": false,
    "Priority": {
      "Name": "Low",
      "Severity": 50,
      "Id": 1
    },
    "ProjectName": "gppg",
    "ReportedDate": "2009-11-24T13:59:41.52-08:00",
    "Status": {
      "Name": "Proposed",
      "Id": 1
    },
    "ReasonClosed": {
      "Name": "Unassigned"
    },
    "Summary": "recurse2 function",
    "Type": {
      "Name": "Issue",
      "Id": 3
    },
    "VoteCount": 1,
    "Id": 4740
  },
  "FileAttachments": [],
  "Comments": []
}