{
  "WorkItem": {
    "AffectedComponent": {
      "Name": "",
      "DisplayName": ""
    },
    "ClosedComment": "",
    "ClosedDate": null,
    "CommentCount": 0,
    "Custom": null,
    "Description": "Most methods generated by `gppg` and `gplex` are not documented.\n\nAs a result, one gets a lot of XML-documentation warnings.\n\nA possibility to suppress these warnings is using the `#pragma` directive. As far as I know, the documentation however does not provide support for this.\n\nCan this be added to the project?",
    "LastUpdatedDate": "2014-08-24T22:34:27.61-07:00",
    "PlannedForRelease": "",
    "ReleaseVisibleToPublic": false,
    "Priority": {
      "Name": "Unassigned",
      "Severity": 0,
      "Id": 0
    },
    "ProjectName": "gppg",
    "ReportedDate": "2014-08-24T22:34:27.61-07:00",
    "Status": {
      "Name": "Proposed",
      "Id": 1
    },
    "ReasonClosed": {
      "Name": "Unassigned"
    },
    "Summary": "Feature request: enable precompiler directives",
    "Type": {
      "Name": "Unassigned",
      "Id": 5
    },
    "VoteCount": 1,
    "Id": 13217
  },
  "FileAttachments": [],
  "Comments": []
}