[
  {
    "Id": "0",
    "Name": "Gardens Point Parser Generator version 1.5.0",
    "DevelopmentStatus": "Beta",
    "Description": "! Changes\nVersion 1.5.0 contains a number of changes. Error messages are now _MSBuild_ and _VS_-friendly.  The default encoding of the {\"*.y\"} file is Unicode, with an automatic fallback to the previous raw-byte interpretation.  The /report option has been improved, as has the automaton tracing facility. New facilities are included that allow multiple parsers to share a common token type.\nA complete change-log is available as a separate documentation file.\n\nThe source project has been upgraded to Visual Studio 2010, and the executables are built against the V4 framework. However, the sources will build against the V2 framework, if necessary.\n\n!! Documentation\nDocumentation is in a single pdf file. This file has hyperlinked figure references, table of contents and an index. A new feature is an appendix with a quick refresher on shift/reduce parsing. \nThe documentation is embedded in the archive, but is also available as a separate download.\n\n!! Real Tree Example\nA new example in the distribution shows how to use an abstract class as the semantic value type.  This is yet another variant on the interactive calculator example.  In this case the parser builds an abstract syntax tree, and the calculator variables contain expression trees rather than numeric values.  A simple interpreter evaluates the expression trees on demand.\nA full discussion of this example and its design is in the March 2012 entry in my blog.\n[url:http://softwareautomata.blogspot.com]\n\n\n!! Source Code\nSource code is embedded in the archive as a VS2010 project. The most recent version of the source code is always available from the Source Code tab of this download page.",
    "ReleasedDatge": "0001-01-01T00:00:00",
    "ModifiedDate": "2012-05-11T19:46:31.84-07:00",
    "Files": [
      {
        "Id": "24bf0b33-73a1-4cef-b65b-1980c605c625",
        "FileName": "gppg-distro-1_5_0.zip",
        "Url": "./0/24bf0b33-73a1-4cef-b65b-1980c605c625",
        "Type": "Application",
        "UploadDate": "2012-05-11T19:45:13.103-07:00"
      },
      {
        "Id": "87b8ba05-977e-479a-bfe9-309be8e44dca",
        "FileName": "gppg.pdf",
        "Url": "./0/87b8ba05-977e-479a-bfe9-309be8e44dca",
        "Type": "Documentation",
        "UploadDate": "2012-05-11T19:45:13.117-07:00"
      },
      {
        "Id": "3bc09af7-e0a6-49f0-80f4-dd40f96da306",
        "FileName": "gppg-changelog.pdf",
        "Url": "./0/3bc09af7-e0a6-49f0-80f4-dd40f96da306",
        "Type": "Application",
        "UploadDate": "2012-05-11T19:45:13.15-07:00"
      }
    ]
  },
  {
    "Id": "1",
    "Name": "Gardens Point Parser Generator v1.4.6",
    "DevelopmentStatus": "Stable",
    "Description": "! Changes\nVersion 1.4.6 is a bug-release upgrade from v1.4.5.  An error in string handling within semantic actions is fixed, as is one of the examples.  A complete change-log is available as a separate documentation file.\nThe source project has been upgraded to Visual Studio 2010, and the executables are built against the V4 framework.\n\n!! Note for those upgrading existing projects from V1.3 or earlier.\nBetween V1.3.* and V1.4.1 changes were made to the way that ShiftReduceParser was initialized. Existing projects that are upgrading to V1.4. must use the upgraded version of ShiftReduceParser code. If the project builds entirely from source this happens automatically. If you use the separate component \"ShiftReduceParser.DLL\" you must use the new version from the binaries directory of the latest distribution. \n\n!! Documentation\nDocumentation is in a single pdf file. This file has hyperlinked figure references, table of contents and an index. A new feature is an appendix with a quick refresher on shift/reduce parsing. \nThe documentation is embedded in the archive, but is also available as a separate download.\n\n!! Ad Hoc Lookahead Example\nThis is the code of the example that I talk about in my blog at \n[url:http://softwareautomata.blogspot.com]\n (John Gough on Software Tools) This download contains the code for both part-1 and part-2.\nThe code was revised at 2012-02-21 to fix a bug and simplify the example.\n\n!! Real Tree Example\nThis example shows how to use an abstract class as the semantic value type.  This is yet another variant on the interactive calculator example.  In this case the parser builds an abstract syntax tree, and the calculator variables contain expression trees rather than numeric values.  A simple interpreter evaluates the expression trees on demand.\nA full discussion of this example and its design is in the March 2012 entry in my blog.\n[url:http://softwareautomata.blogspot.com]\n\n\n!! Source Code\nSource code is embedded in the archive as a VS2008 project. The most recent version of the source code is always available from the Source Code tab of this download page.",
    "ReleasedDatge": "0001-01-01T00:00:00",
    "ModifiedDate": "2012-03-22T16:29:24.33-07:00",
    "Files": [
      {
        "Id": "4257f5dc-a2ef-474b-b863-0c84f76e9b64",
        "FileName": "gppg-distro-1_4_6.zip",
        "Url": "./1/4257f5dc-a2ef-474b-b863-0c84f76e9b64",
        "Type": "Application",
        "UploadDate": "2012-01-19T20:08:59.42-08:00"
      },
      {
        "Id": "daa538db-8adc-42b7-af39-32beb932fe81",
        "FileName": "gppg.pdf",
        "Url": "./1/daa538db-8adc-42b7-af39-32beb932fe81",
        "Type": "Documentation",
        "UploadDate": "2012-01-19T20:12:22.503-08:00"
      },
      {
        "Id": "b657962f-7b9b-4640-97e0-9a52dcd8c4e5",
        "FileName": "gppg-changelog.pdf",
        "Url": "./1/b657962f-7b9b-4640-97e0-9a52dcd8c4e5",
        "Type": "Documentation",
        "UploadDate": "2012-01-19T20:12:22.567-08:00"
      },
      {
        "Id": "5df2c349-8238-4159-9818-14fa57bce5a4",
        "FileName": "AdHocLookaheadPart1and2-V2.zip",
        "Url": "./1/5df2c349-8238-4159-9818-14fa57bce5a4",
        "Type": "Source Code",
        "UploadDate": "2012-02-21T20:16:49.783-08:00"
      },
      {
        "Id": "ac3b38b2-196a-4a0a-beb4-a84bfbcd2a7d",
        "FileName": "RealTreeSources.zip",
        "Url": "./1/ac3b38b2-196a-4a0a-beb4-a84bfbcd2a7d",
        "Type": "Source Code",
        "UploadDate": "2012-03-22T16:19:11.633-07:00"
      }
    ]
  },
  {
    "Id": "2",
    "Name": "Gardens Point Parser Generator v1.4.5",
    "DevelopmentStatus": "Stable",
    "Description": "! Changes\nVersion 1.4.5 differs from version 1.4.4 in the following ways: an error in the specification of the parser rejected the declaration of semantic types including generics with more than one type-parameter.  A complete change-log is available as a separate documentation file.\n\n!! Note for those upgrading existing projects from V1.3 or earlier.\nBetween V1.3.* and V1.4.1 changes were made to the way that ShiftReduceParser was initialized. Existing projects that are upgrading to V1.4. must use the upgraded version of ShiftReduceParser code. If the project builds entirely from source this happens automatically. If you use the separate component \"ShiftReduceParser.DLL\" you must use the new version from the binaries directory of the latest distribution. \n\n!! Documentation\nDocumentation is in a single pdf file. This file has hyperlinked figure references, table of contents and an index. A new feature is an appendix with a quick refresher on shift/reduce parsing. \nThe documentation is embedded in the archive, but is also available as a separate download.\n\n!! Ad Hoc Lookahead Example\nThis is the code of the example that I talk about in my blog at \n[url:http://softwareautomata.blogspot.com]\n (John Gough on Software Tools) This download contains the code for both part-1 and part-2..\n\n!! Source Code\nSource code is embedded in the archive as a VS2008 project. The most recent version of the source code is always available from the Source Code tab of this download page.",
    "ReleasedDatge": "0001-01-01T00:00:00",
    "ModifiedDate": "2011-12-25T20:21:04.58-08:00",
    "Files": [
      {
        "Id": "2a70b89a-35d9-47f9-8fbd-b4d80d05b284",
        "FileName": "gppg-distro-1_4_5.zip",
        "Url": "./2/2a70b89a-35d9-47f9-8fbd-b4d80d05b284",
        "Type": "Application",
        "UploadDate": "2011-04-09T20:47:40.187-07:00"
      },
      {
        "Id": "bf17525d-2925-41bb-a5a5-9c6fdaa41c47",
        "FileName": "gppg-changelog.pdf",
        "Url": "./2/bf17525d-2925-41bb-a5a5-9c6fdaa41c47",
        "Type": "Documentation",
        "UploadDate": "2011-04-09T20:49:52.61-07:00"
      },
      {
        "Id": "2b3d019c-ba54-4cdc-9aab-4241a9a89f41",
        "FileName": "gppg.pdf",
        "Url": "./2/2b3d019c-ba54-4cdc-9aab-4241a9a89f41",
        "Type": "Documentation",
        "UploadDate": "2011-04-09T20:51:29.96-07:00"
      },
      {
        "Id": "86ef7857-c6a3-426e-82d7-8c4e5d382aab",
        "FileName": "AdHocLookaheadPart1and2.zip",
        "Url": "./2/86ef7857-c6a3-426e-82d7-8c4e5d382aab",
        "Type": "Example",
        "UploadDate": "2011-12-25T20:17:10.867-08:00"
      }
    ]
  },
  {
    "Id": "3",
    "Name": "Gardens Point Parser Generator version 1.4.4",
    "DevelopmentStatus": "Stable",
    "Description": "Version 1.4.4 is a bug-fix release which corrects some issues from version 1.4.3.  There are a few new features also.\n\n!! Changes\nVersion 1.4.4 differs from version 1.4.3 in the following ways: _gppg_ now returns an integer result for msbuild, and a number of new command line arguments are recognized.  The handling of literal strings within semantic actions is corrected, and C# verbatim literal strings are now permitted.  An error in the generation of #line directives introduced in version 1.4.3 is fixed. \nA complete change-log is available as a separate documentation file.\n\n!! Note for those upgrading existing projects from V1.3 or earlier.\nBetween V1.3.* and V1.4.1 changes were made to the way that _ShiftReduceParser_ was initialized.  Existing projects that are upgrading to V1.4. *must* use the upgraded version of _ShiftReduceParser_ code.  If the project builds entirely from source this happens automatically.  If you use the separate component \"ShiftReduceParser.DLL\" you must use the new version from the binaries directory of the latest distribution. \n\n!! Documentation\nDocumentation is in a single pdf file.  This file has hyperlinked figure references, table of contents and an index.  A new feature is an appendix with a quick refresher on shift/reduce parsing.   \nThe documentation is embedded in the archive, but is also available as a separate download.\n\n!! Source Code\nSource code is embedded in the archive as a VS2008 project.  The most recent version of the source code is always available from the Source Code tab of this download page.",
    "ReleasedDatge": "0001-01-01T00:00:00",
    "ModifiedDate": "2011-01-06T02:32:36.093-08:00",
    "Files": [
      {
        "Id": "c43c9763-b088-4fec-955b-5cc78c9a21c1",
        "FileName": "gppg-distro-1_4_4.zip",
        "Url": "./3/c43c9763-b088-4fec-955b-5cc78c9a21c1",
        "Type": "Application",
        "UploadDate": "2011-01-06T02:25:58.843-08:00"
      },
      {
        "Id": "36351fb6-2e1d-49a2-889d-6b31d1acb601",
        "FileName": "gppg.pdf",
        "Url": "./3/36351fb6-2e1d-49a2-889d-6b31d1acb601",
        "Type": "Documentation",
        "UploadDate": "2011-01-06T02:25:58.907-08:00"
      },
      {
        "Id": "9ad03429-7540-4f85-a9cf-2c2a92e25e53",
        "FileName": "gppg-changelog.pdf",
        "Url": "./3/9ad03429-7540-4f85-a9cf-2c2a92e25e53",
        "Type": "Documentation",
        "UploadDate": "2011-01-06T02:25:58.953-08:00"
      }
    ]
  },
  {
    "Id": "4",
    "Name": "Gardens Point Parser Generator version 1.4.3",
    "DevelopmentStatus": "Stable",
    "Description": "The distribution is a zip archive which contains the binary executables, documentation, source code and examples.\n\n!! Changes\nVersion 1.4.3 differs from version 1.4.2 in the following ways: The semantics of the /report option have changed.  The option now produces a parser as output _and_ produces a detailed report on the automaton; All of the output files identify the last modification time of the specification file.  As well, some error reporting has been improved.  The html document generated by the /report option is now compliant. \nA complete change-log is available as a separate documentation file.\n\n!! Note for those upgrading existing projects from V1.3 or earlier.\nBetween V1.3.* and V1.4.1 changes were made to the way that _ShiftReduceParser_ was initialized.  Existing projects that are upgrading to V1.4. *must* use the upgraded version of _ShiftReduceParser_ code.  If the project builds entirely from source this happens automatically.  If you use the separate component \"ShiftReduceParser.DLL\" you must use the new version from the binaries directory of the latest distribution. \n\n!! Documentation\nDocumentation is in a single pdf file.  This file has hyperlinked figure references, table of contents and an index.  A new feature is an appendix with a quick refresher on shift/reduce parsing.   \nThe documentation is embedded in the archive, but is also available as a separate download.\n\n!! Source Code\nSource code is embedded in the archive as a VS2008 project.  The most recent version of the source code is always available from the Source Code tab of this download page.",
    "ReleasedDatge": "0001-01-01T00:00:00",
    "ModifiedDate": "2010-11-01T23:00:12.13-07:00",
    "Files": [
      {
        "Id": "2866afe6-b506-446e-9ae3-53100c215956",
        "FileName": "gppg-distro-1_4_3_1.zip",
        "Url": "./4/2866afe6-b506-446e-9ae3-53100c215956",
        "Type": "Application",
        "UploadDate": "2010-11-01T22:59:01.733-07:00"
      },
      {
        "Id": "0381311a-22d3-46f9-ba15-bd17680a098a",
        "FileName": "gppg.pdf",
        "Url": "./4/0381311a-22d3-46f9-ba15-bd17680a098a",
        "Type": "Documentation",
        "UploadDate": "2010-11-01T21:10:31.993-07:00"
      },
      {
        "Id": "b2a65bf4-2dc2-4ec4-8d32-3712ae1efcbf",
        "FileName": "gppg-changelog.pdf",
        "Url": "./4/b2a65bf4-2dc2-4ec4-8d32-3712ae1efcbf",
        "Type": "Documentation",
        "UploadDate": "2010-11-01T21:10:32.027-07:00"
      }
    ]
  },
  {
    "Id": "5",
    "Name": "Gardens Point Parser Generator version 1.4.2",
    "DevelopmentStatus": "Stable",
    "Description": "The distribution is a zip archive which contains the binary executables, documentation, source code and examples.\n\n!! Changes\nVersion 1.4.2 differs from version 1.4.0 in having an important bug-fix in the handling of the literal character '\\\"' in semantic actions.   It also incorporates the changes of version 1.4.1 in the generation of \"tracing parsers\". Since version 1.4.0 GPPG has a revised mechanism for parser instantiation.  Separate instances of the same parser class now share parsing tables, and are created much faster.  This fixes issue 5067 for those applications that run \"parser farms\".\nA complete change-log is available as a separate documentation file.\n\n!! Note for those upgrading existing projects from V1.3 or earlier.\nBetween V1.3.* and V1.4.1 changes were made to the way that _ShiftReduceParser_ was initialized.  Existing projects that are upgrading to V1.4. *must* use the upgraded version of _ShiftReduceParser_ code.  If the project builds entirely from source this happens automatically.  If you use the separate component \"ShiftReduceParser.DLL\" you must use the new version from the binaries directory of the latest distribution. \n\n!! Documentation\nDocumentation is in a single pdf file.  This file has hyperlinked figure references, table of contents and an index.  A new feature is an appendix with a quick refresher on shift/reduce parsing.   \nThe documentation is embedded in the archive, but is also available as a separate download.\n\n!! Source Code\nSource code is embedded in the archive as a VS2008 project.  The most recent version of the source code is always available from the Source Code tab of this download page.",
    "ReleasedDatge": "0001-01-01T00:00:00",
    "ModifiedDate": "2010-07-26T04:53:51.69-07:00",
    "Files": [
      {
        "Id": "f8512d3f-e402-47f4-bc97-245d40426157",
        "FileName": "gppg-distro-1_4_2_1.zip",
        "Url": "./5/f8512d3f-e402-47f4-bc97-245d40426157",
        "Type": "Application",
        "UploadDate": "2010-07-26T04:53:49.473-07:00"
      },
      {
        "Id": "869932e0-fd9b-4795-a2c3-eb99fd8d7805",
        "FileName": "gppg.pdf",
        "Url": "./5/869932e0-fd9b-4795-a2c3-eb99fd8d7805",
        "Type": "Documentation",
        "UploadDate": "2010-07-21T20:57:44.82-07:00"
      },
      {
        "Id": "c6b4dd41-324d-420d-85e2-463a7badfa24",
        "FileName": "gppg-changelog.pdf",
        "Url": "./5/c6b4dd41-324d-420d-85e2-463a7badfa24",
        "Type": "Documentation",
        "UploadDate": "2010-07-21T20:57:44.85-07:00"
      }
    ]
  },
  {
    "Id": "6",
    "Name": "Gardens Point Parser Generator version 1.5.2",
    "DevelopmentStatus": "Beta",
    "Description": "!! Changes\nVersion 1.5.2 has a number of fixes and improved functionality. Error reporting has been improved for several failure case involving token aliases.  The effect of several unusual cases of alias use have been clarified, with the implementation of several new warning messages.\n\nAn ambiguous case of string canonicalization involving escape sequences has been fixed. The semantics of %nonassoc has been fixed, as has the default semantic action for production right-hand-sides of length greater than one.\n\n!! Documentation\nDocumentation is in a single pdf file. This file has hyperlinked figure references, table of contents and an index. A new feature is an appendix with a quick refresher on shift/reduce parsing. \nThe documentation is embedded in the archive, but is also available as a separate download.\n\n!! Source Code\nSource code is embedded in the archive as a VS2012 project. The most recent version of the source code is always available from the Source Code tab of this download page.",
    "ReleasedDatge": "0001-01-01T00:00:00",
    "ModifiedDate": "2014-08-25T21:22:39.633-07:00",
    "Files": [
      {
        "Id": "dd066dd3-4628-47ec-abe3-877643f692c9",
        "FileName": "gppg-distro-1_5_2.zip",
        "Url": "./6/dd066dd3-4628-47ec-abe3-877643f692c9",
        "Type": "Application",
        "UploadDate": "2014-08-25T21:21:14.333-07:00"
      },
      {
        "Id": "60867f97-64ed-47dd-a6d5-2d58cb0b7e96",
        "FileName": "gppg.pdf",
        "Url": "./6/60867f97-64ed-47dd-a6d5-2d58cb0b7e96",
        "Type": "Documentation",
        "UploadDate": "2014-08-25T21:21:14.397-07:00"
      },
      {
        "Id": "0e2983ea-a1a4-42dc-9252-8ed8ac009ac7",
        "FileName": "gppg-changelog.pdf",
        "Url": "./6/0e2983ea-a1a4-42dc-9252-8ed8ac009ac7",
        "Type": "Documentation",
        "UploadDate": "2014-08-25T21:21:14.46-07:00"
      }
    ]
  }
]