[
  {
    "Id": "1058717",
    "ThreadId": "447565",
    "Html": "Hi,\r<br />\nI'm hoping you can help me... I'm using gplex to create an analyzer for Lucene.Net, and I'm having an issue with matching a range of characters using a predicate that may include characters that I would wish to ignore/process separately. Specifically, I need to process Chinese characters individually, even though they may be matched by the [:IsLetter:] predicate. \r<br />\n<br />\nLucene.Net's StandardAnalyzer (defined in JFlex) accomplishes this by defining a rule '!(!a|b)', which matches everything in set 'a' that is not part of set 'b'. This rule is then used as a component in other rules:<br />\n<pre><code>{cj} b // where b defines the subset of all Chinese or Japanese characters\n{letter} !(!a|b) // where 'a' is a predicate that matches any letter, so this would match any letter EXCEPT Chinese/Japanese\n{alphanumeric} {letter}|{number}</code></pre>\n\nThe desired result being that the literal string 'abc' would return 1 alphanumeric token, and '惝掭掝' would return 3 tokens, or 'abc惝' would return 2 tokens. \r<br />\n<br />\nI'm reasonably certain I can accomplish this using exclusive rules without delving into custom character predicates, but this is my first foray into lex/yacc and I'm a little lost... I'd appreciate any pointers or help you can offer.\r<br />\nThanks,\r<br />\nJoe<br />\n",
    "PostedDate": "2013-06-19T08:35:21.223-07:00",
    "UserRole": null,
    "MarkedAsAnswerDate": null
  },
  {
    "Id": "1059242",
    "ThreadId": "447565",
    "Html": "Aaaand I'm a moron. As stated, I'm a tad new to the whole lex/yacc scene, and found I was completely missing the yacc/gppg side of the equation, which I should be able to leverage to achieve the result I want.<br />\n",
    "PostedDate": "2013-06-20T08:52:46.3-07:00",
    "UserRole": null,
    "MarkedAsAnswerDate": null
  },
  {
    "Id": "1059412",
    "ThreadId": "447565",
    "Html": "Hi Joseph\r<br />\nIf you want to create some character set, like [a-zA-Z] only too big to define character by character, then you can use a character predicate.  Character predicates with syntax like [:isFoo:] evaluate character sets at gplex runtime (rather than scanner runtime).  Section 8.3.6 of the V1.2 gplex.pdf explains how to define your own character predicates in the case that the .NET base library does not supply the one you need.  Send me a message if you need further info.\r<br />\nJohn<br />\n",
    "PostedDate": "2013-06-20T16:15:36.577-07:00",
    "UserRole": "Owner",
    "MarkedAsAnswerDate": null
  }
]