[
  {
    "Id": "1475908",
    "ThreadId": "655465",
    "Html": "Hi, \r<br />\n<br />\nHow implement continous line?\r<br />\nsource code Example<br />\n<h1>DEFINE APP_WRONG_SUPERCLASS_LOC  ;</h1>\n<pre><code>            &quot;Sorry -- this application must instantiate &quot;+ CHR(13)+ ;\n            &quot;an object that descends from &quot;+APP_SUPERCLASS+&quot;.&quot;\n</code></pre>\n\nIn this case semicolon is continuation character !\r<br />\n<br />\nPlease help\r<br />\nThanks!<br />\n",
    "PostedDate": "2016-06-12T18:51:36.913-07:00",
    "UserRole": null,
    "MarkedAsAnswerDate": null
  }
]