[
  {
    "Id": "76434",
    "Title": "case-insensitive scanner",
    "LatestDate": "2009-12-13T10:50:02.617-08:00"
  },
  {
    "Id": "213580",
    "Title": "Bug in handling of Non-terminal symbols",
    "LatestDate": "2010-05-27T04:21:48.073-07:00"
  },
  {
    "Id": "215692",
    "Title": "Skipping backslash newline",
    "LatestDate": "2010-06-11T00:25:59.077-07:00"
  },
  {
    "Id": "240633",
    "Title": "Scanner input",
    "LatestDate": "2011-01-05T14:08:16.07-08:00"
  },
  {
    "Id": "249843",
    "Title": "Are You sharing this project?",
    "LatestDate": "2011-03-16T01:36:32.11-07:00"
  },
  {
    "Id": "349198",
    "Title": "Quoted strings are not scanned correctly with /caseinsensitive",
    "LatestDate": "2012-03-22T07:09:52.177-07:00"
  },
  {
    "Id": "360543",
    "Title": "Missing Files in 1.2.0",
    "LatestDate": "2012-06-22T15:10:16.537-07:00"
  },
  {
    "Id": "400848",
    "Title": "What does gplex really do?",
    "LatestDate": "2015-02-11T09:19:06.377-08:00"
  },
  {
    "Id": "447565",
    "Title": "Matching all characters EXCEPT a certain subset",
    "LatestDate": "2013-06-20T16:15:36.577-07:00"
  },
  {
    "Id": "448224",
    "Title": "How to fix ambiguity or invalid detection of identifier?",
    "LatestDate": "2013-06-29T18:02:13.947-07:00"
  },
  {
    "Id": "562354",
    "Title": "Returning Tokens Value",
    "LatestDate": "2014-08-29T04:15:39.82-07:00"
  },
  {
    "Id": "568248",
    "Title": "Tuned for Performance?",
    "LatestDate": "2014-09-28T04:44:40.453-07:00"
  },
  {
    "Id": "644131",
    "Title": "Using the ErrorHandler class",
    "LatestDate": "2015-08-24T07:16:21.037-07:00"
  },
  {
    "Id": "655465",
    "Title": "How implement Continous Line ",
    "LatestDate": "2016-06-12T18:51:36.913-07:00"
  },
  {
    "Id": "659726",
    "Title": "Why is sealed?",
    "LatestDate": "2016-11-26T05:20:48.943-08:00"
  }
]