[
  {
    "Id": "852363",
    "ThreadId": "360543",
    "Html": "\r\n<p>I pulled down the latest and opened up the solution in VS2010. These files are reported in the project but missing in the download package:</p>\r\n<p>GplexBuffers.cs<br>\r\nparser.cs<br>\r\nScanner.cs</p>\r\n<p>I verified the zip, and those files are missing.</p>\r\n<p>Please Advise...</p>\r\n<p>&nbsp;</p>\r\n<div id=\"_mcePaste\" style=\"width:1px; height:1px; overflow:hidden; top:0px; left:-10000px\">\r\n&#65279;</div>\r\n",
    "PostedDate": "2012-06-21T14:44:04.97-07:00",
    "UserRole": null,
    "MarkedAsAnswerDate": null
  },
  {
    "Id": "852785",
    "ThreadId": "360543",
    "Html": "<p>Hi OmegaMan</p>\r\n<p>The Scanner, Parser and GplexBuffers file are all produced from specification. See the README.TXT file in \\project\\gplex folder. In short you go into \\project\\SpecFiles and run GenerateAll.bat. You will need the *binaries* of both gplex and gppg to do this, which is why the distribution has both.<br />Let me know if you have further problems</p>\r\n<p><br />John</p>",
    "PostedDate": "2012-06-22T15:10:16.537-07:00",
    "UserRole": "Owner",
    "MarkedAsAnswerDate": null
  }
]