[
  {
    "Id": "544547",
    "ThreadId": "240633",
    "Html": "\r\n<p>I am sorry if this is documented in the pdf. I couldn't find it.</p>\r\n<p>Is it possible to create a scanner that reads input from Console.In?</p>\r\n<p>More generally is it possible to create a scanner that reads input from a TextReader?</p>\r\n<p>It would be nice to have the Scanner(TextReader reader) constructor.</p>\r\n<p>&nbsp;</p>\r\n<p>Thank you for your answer.</p>\r\n",
    "PostedDate": "2011-01-05T14:08:16.07-08:00",
    "UserRole": null,
    "MarkedAsAnswerDate": null
  }
]