[
  {
    "Id": "454296",
    "ThreadId": "215692",
    "Html": "<p>The C spec requires stripping off the backslash newline sequence before attempting to tokenize input. Is there any way to do it with gplex without losing line and column information?</p>\r\n<p>Adding a regex for that sequence obviously won't work for cases like bre\\\\nak. I thought of modifying/extending Scanner::GetChr to do this, but the class is sealed and the method is not virtual. Any pre-stripping I do before invoking the scanner will mess up the line numbers. Any pointers as to how to go about it?</p>",
    "PostedDate": "2010-06-11T00:25:59.077-07:00",
    "UserRole": null,
    "MarkedAsAnswerDate": null
  }
]