[
  {
    "Id": "932643",
    "ThreadId": "400848",
    "Html": "\r\n<p>Hello,</p>\r\n<p>&nbsp;</p>\r\n<p>&nbsp; I have an issue with the workflow of gplex. If I am not mistaken the input is (for example) a string (like &quot;foo bar 1597&quot;) and the output is... single int (see: yylex() method).</p>\r\n<p>&nbsp;</p>\r\n<p>If anything, output should be a sequence of ints (which are ids of tokens), so for example I would get in the above example, 1 0 1 0 2 (meaning: word, ws, word, ws, number).</p>\r\n<p>&nbsp;</p>\r\n<p>But even better, I should be able to specify the return type to something else than int, and work with some class MySymbol. Of course the output should be a sequence of such objects as well.</p>\r\n<p>Currently, as I understand, the only way to achieve this is to add manually a mechanism which will store such sequence and in each rule instead of something like &quot;return new MySymbol(....&quot; write rather &quot;sequence.add(new MySymbol(...); return int_does_not_matter;&quot;.\r\n However it is a lot of added work, it is complete artificial.</p>\r\n<p>&nbsp;</p>\r\n<p>So, please either say I am wrong, and clarify the workflow, or if I understood the workflow correctly allow user to specify return type and return the sequence, not single value.</p>\r\n",
    "PostedDate": "2012-10-25T13:29:38.123-07:00",
    "UserRole": null,
    "MarkedAsAnswerDate": null
  },
  {
    "Id": "933568",
    "ThreadId": "400848",
    "Html": "<p>Hi macias</p>\r\n<p>GPLEX is a tool that supplies low-level code for scanners of various kinds.&nbsp; The functionality of yylex() is not up for debate.&nbsp; If yylex didn't return an int, then it wouldn't be a equivalent to the traditional LEX.&nbsp; Similarly the overall architecture of the API belongs to a rather old tradition.&nbsp;</p>\r\n<p>The essential core of GPLEX and all similar tools is to recognize sub-sequences of input symbols that match regular expressions, and perform semantic actions specified for those patterns.&nbsp; Some applications do not even call yylex, or only call it once.&nbsp; See, for example, the wordcount example in the distribution.&nbsp; This calls yyylex only once per input file, and no semantic action even mentions \"return XXX\".</p>\r\n<p>For the traditional use of lex-style scanners&nbsp;yylex is a bit primitive, but the framework is flexible enough to cater to even difficult cases like C# itself.&nbsp; If you really want a sequence of token-information there are several ways of doing it:&nbsp; My particular favorite is to define a semantic value type that encapsulates everything that the client needs.&nbsp; This may include elements of the yylex return value, and the yylval and yylloc variables of the trandition API.&nbsp; The definition and initialization of the sequence variable goes in the definitions section, the creation of the instance value and add statement goes in the user-supplied epilog (see the doco, Figure 11 on page 18. Finally the wrapper method is declared in the usercode section and returns the completed sequence.&nbsp;</p>",
    "PostedDate": "2012-10-28T14:08:39.933-07:00",
    "UserRole": "Owner",
    "MarkedAsAnswerDate": null
  },
  {
    "Id": "933737",
    "ThreadId": "400848",
    "Html": "<p>Thank you for your answer. Could you please give just a minimal outline how to acquire a sequence of \"CustomToken\" where CustomToken is a class (custom)?</p>\r\n<p>&nbsp;</p>\r\n<p>So far, the only way I see this could work would be adding something like \"LinkedList&lt;CustomToken&gt; sequence\" in header of lex file, and then for each rule adding a code \"sequence.Add(new CustomToken(...))\" + dummy \"return 0\" to satisfy gplex. After calling yylex() the sequence variable should be filled with CustomToken objects.</p>\r\n<p>&nbsp;</p>\r\n<p>A little background: I am asking about this because previously I worked with JLex and it allowed to obtain a sequence of custom objects like CustomToken (name is not important here) without any workarounds, so I could write rules like that:</p>\r\n<p>&nbsp;</p>\r\n<p>&lt;YYINITIAL&gt;if &nbsp;&nbsp;&nbsp;&nbsp;&nbsp;&nbsp;&nbsp;&nbsp;&nbsp;&nbsp;&nbsp;&nbsp;&nbsp;&nbsp;&nbsp;&nbsp;&nbsp;&nbsp;&nbsp;&nbsp;&nbsp;&nbsp;&nbsp;&nbsp;&nbsp;&nbsp;&nbsp; { return new CustomToken(TokenConstants.IF); }</p>",
    "PostedDate": "2012-10-29T04:24:38.58-07:00",
    "UserRole": null,
    "MarkedAsAnswerDate": null
  },
  {
    "Id": "933743",
    "ThreadId": "400848",
    "Html": "<p>A little more clarification. I have already written lex file and parser (for JLex and Java CUP), now I would like to migrate to gplex and gpparser. To be sure everything works, I would like to write just lex part, lex my files, and compare result with existing lexer (built with JLex).</p>\r\n<p>&nbsp;</p>\r\n<p>In other word my lexer built with gplex has to work in standalone mode AND also with parser. Now, I am working on standalone mode.</p>",
    "PostedDate": "2012-10-29T04:48:25.1-07:00",
    "UserRole": null,
    "MarkedAsAnswerDate": null
  },
  {
    "Id": "935583",
    "ThreadId": "400848",
    "Html": "<p>Hi Macias</p>\r\n<p>I have put up a working example on the download page that creates a list of scanner result objects. &nbsp;</p>\r\n<p>It is not hard, but it is a little awkward. &nbsp;If we could vary the type returned by Scan() or even yylex, then it would be much easier. &nbsp;Unfortunately the return of an integer is deeply embedded in the design of the LEX - YACC (or in this case GPLEX, GPPG) interface. &nbsp;I did something very similar in the early days of gplex when I needed to interface a gplex scanner to a COCO/R parser. &nbsp;The parser needed to traverse the input multiple times, so building a sequence of token-information was the best way to go.</p>\r\n<p>In my example there is a parser stub which supplies the definitions of the scan object type ScanObj, the token enumeration TokEnum, and the base type ScanBase that gplex scanners expect to sub-class. &nbsp;This stub also supplies the Main method to test the scanner.</p>\r\n<p>The scanner specification declares an instance field to hold the result list in the header. &nbsp;In the User Code section it declares the initialization method and the wrapper that calls Scan() until it hits end of file.</p>\r\n<p>Hope this makes it clear. &nbsp;Let me know if you have any other issues.</p>\r\n<p>John</p>",
    "PostedDate": "2012-11-02T00:49:40.12-07:00",
    "UserRole": "Owner",
    "MarkedAsAnswerDate": null
  },
  {
    "Id": "935650",
    "ThreadId": "400848",
    "Html": "<p>Thank you very much for the example.</p>\r\n<p>&nbsp;</p>\r\n<p>Btw. as for lex/yacc I understand the need of backward compatibility but there is no requirement that you cannot add new features (if you like of course). Like the one if scanning and parsing should be int-based or regular object-based. In the second mode, user would use Symbol (for example) class with such fields as -- ID (int), placeholder for custom object, left and right (for example) for parsing needs.</p>\r\n<p>&nbsp;</p>\r\n<p>Thus moving from lex/yacc world would be straightforward, but if you would build something from scratch you could use more advanced (comfortable) means to do so.</p>",
    "PostedDate": "2012-11-02T04:30:54.9-07:00",
    "UserRole": null,
    "MarkedAsAnswerDate": null
  },
  {
    "Id": "1351469",
    "ThreadId": "400848",
    "Html": "Hi,\r<br />\nI got the same situation as Macias, but I couldn't find the example on the download page mentioned there &quot;I have put up a working example on the download page that creates a list of scanner result objects.&quot;. \r<br />\nCould you provide a link? \r<br />\nThanks.<br />\n",
    "PostedDate": "2015-02-11T09:19:06.377-08:00",
    "UserRole": null,
    "MarkedAsAnswerDate": null
  }
]