[
  {
    "Id": "446444",
    "ThreadId": "213580",
    "Html": "<p>In the code from the GPLEX project, within ShiftReduceParser, there is a one-off bug in the symbol handling. It only manifests when you ask for&nbsp;TRACE_ACTIONS, since it isn't heavily used. The non-terminal symbol table is 0 based, and you attempt to index it using 1 based indices. A little code tweak shown below corrects this.</p>\r\n<p>\r\n<div style=\"color:black;background-color:white\">\r\n<pre><span style=\"font-family:'Segoe UI', 'Microsoft Sans Serif', Arial, Geneva, sans-serif\"><span style=\"white-space:normal\"><span style=\"color:#0000ff;font-family:Consolas, 'Courier New', Courier, monospace\"><span style=\"white-space:pre\"><div style=\"color:black;background-color:white\"><pre><span style=\"color:blue\">private</span> <span style=\"color:blue\">string</span> SymbolToString (<span style=\"color:blue\">int</span> symbol) \r\n{ \r\n\t<span style=\"color:blue\">if</span> (symbol &lt; 0)</pre>\r\n<pre><span style=\"white-space:pre\">\t\t</span>// Error was here.\r\n\t\t<span style=\"color:blue\">return</span> nonTerminals [-symbol - 1]; \r\n\t<span style=\"color:blue\">else</span>\r\n\t\t<span style=\"color:blue\">return</span> TerminalToString (symbol);\r\n}\r\n\r\n</pre>\r\n</div>\r\nI've been having a blast hacking on the code, so thanks for putting it out there.</span></span></span></span></pre>\r\n</div>\r\n</p>",
    "PostedDate": "2010-05-23T14:16:53.58-07:00",
    "UserRole": null,
    "MarkedAsAnswerDate": null
  },
  {
    "Id": "448106",
    "ThreadId": "213580",
    "Html": "Thanks to blackhawk451.  Yes it was a bug in an undocumented feature.  Version 1.4.1 of gppg, uploaded today, corrects the bugs, upgrades the feature AND documents the feature.",
    "PostedDate": "2010-05-27T04:21:48.073-07:00",
    "UserRole": "Owner",
    "MarkedAsAnswerDate": null
  }
]