[
  {
    "Id": "1441609",
    "ThreadId": "644131",
    "Html": "Hi,\r<br />\n<br />\nI am working on a Project to check a NC-Code for its grammar.\r<br />\nTherefor I use a scanner- and a Parser-class created by the gplex- and gppg-engine.\r<br />\nUntil now I succeeded to run these two classes together with my own main program.\r<br />\n<br />\nNow I want to have some information about occurred errors in the Input-File.\r<br />\nTherefor I think I can use the ErrorHandler-class, which is provided in the project-folder from the download package.\r<br />\n<br />\nAfter including this class in my project and declaring all the neccessary namespaces there are still some undefined parameter called &quot;LexSpan&quot;, &quot;TooManyErrorsException&quot; and &quot;StringUtilities&quot;.\r<br />\n<br />\nI don't know what I have to do now and hope for some help.\r<br />\n<br />\nThanks, Alex<br />\n",
    "PostedDate": "2015-08-24T01:51:27.77-07:00",
    "UserRole": null,
    "MarkedAsAnswerDate": null
  },
  {
    "Id": "1441678",
    "ThreadId": "644131",
    "Html": "After reviewing the documentation i came to the issue, that i can't use the &quot;ErrorHandler&quot; from the download package.\r<br />\n<br />\nI need to build my own &quot;ErrorHandler&quot;?\r<br />\nIf it is so, where can I get some information about how to do that?\r<br />\n<br />\nThanks, Alex<br />\n",
    "PostedDate": "2015-08-24T07:16:21.037-07:00",
    "UserRole": null,
    "MarkedAsAnswerDate": null
  }
]