[
  {
    "Id": "261239",
    "ThreadId": "76434",
    "Html": "<p>I saw the following on the documentation page of gplex: &quot;There is a feature request for simple ways to generate case-insensitive scanners.&quot;</p>\r\n<p>and that it will be addressed in Q4, 2009. Do you have a date on that? Are you still on target?</p>\r\n<p>&nbsp;</p>\r\n<p>In the mean time, how would I make a case-insensitive scanner? My language spec requires it, and I can't figure out anyway to do it with gplex.</p>\r\n<p>Any work around would be greatly appreciated. 1000s of old scripts depend on case-insensitivity. I'm willing to hack to work around this.</p>\r\n<p>&nbsp;</p>\r\n<p>&nbsp;</p>\r\n<p>So far gplex and gppg have been great tools for my language design. Thanks for a great, useful tool.</p>",
    "PostedDate": "2009-11-27T15:57:55.387-08:00",
    "UserRole": null,
    "MarkedAsAnswerDate": null
  },
  {
    "Id": "264267",
    "ThreadId": "76434",
    "Html": "<blockquote style=\"border:solid .1em #ccc;font-style:italic;margin:.25em 1em 0 1em;padding:0 .25em 0 .25em\"><strong>CodeMoniker wrote:</strong><br>\r\n<p>I saw the following on the documentation page of gplex: &quot;There is a feature request for simple ways to generate case-insensitive scanners.&quot;</p>\r\n<p>and that it will be addressed in Q4, 2009. Do you have a date on that? Are you still on target?</p>\r\n<p>&nbsp;</p>\r\n<p>In the mean time, how would I make a case-insensitive scanner? My language spec requires it, and I can't figure out anyway to do it with gplex.</p>\r\n<p>Any work around would be greatly appreciated. 1000s of old scripts depend on case-insensitivity. I'm willing to hack to work around this.</p>\r\n<p>&nbsp;</p>\r\n<p>&nbsp;</p>\r\n<p>So far gplex and gppg have been great tools for my language design. Thanks for a great, useful tool.</p>\r\n</blockquote>\r\n<p>&nbsp;I am still expecting to release a case-insensitive option in December.&nbsp; I will post experimental changes to the code repository within the next few days.&nbsp; There is no quick hack that fixes it, short of making your lex file case-agnostic.&nbsp; For non-ASCII specs that is a horrible task.</p>",
    "PostedDate": "2009-12-06T17:05:31.517-08:00",
    "UserRole": "Owner",
    "MarkedAsAnswerDate": null
  },
  {
    "Id": "266795",
    "ThreadId": "76434",
    "Html": "<p>Ok.&nbsp; The code repository has experimental code for case insensitivity.&nbsp; The way it works is:&nbsp; You use your existing lex file and use the /codeinsensitive&nbsp;command line flag, or option inside the source.</p>\r\n<p>GPLEX constructs an automaton that is case insensitive.&nbsp; However yytext contains the actual untransformed characters that were read from input.</p>\r\n<p>What are the drawbacks?&nbsp; Case insensitivity is an incomputable problem at its heart, given that for some languages a single character in one case transforms into two or more characters in the alternative case, or has different choices depending on where the character is in the word.&nbsp; The current rule that GPLEX uses is the that notion of ToUpper and ToLower are defined by the culture setting of the MACHINE ON WHICH GPLEX RUNS.&nbsp; This may not be the same as the culture setting on the machine on which the generated scanner runs.</p>\r\n<p>However, if you want to create a scanner for an ASCII character set or simple cases of Latin languages then it should work fine.</p>\r\n<p>As usual, post any bugs to the issues tab.</p>",
    "PostedDate": "2009-12-13T10:50:02.617-08:00",
    "UserRole": "Owner",
    "MarkedAsAnswerDate": null
  }
]