[
  {
    "Id": "1488811",
    "ThreadId": "659726",
    "Html": "Hy everybody!\r<br />\nWhat the reason for the generated scanner class is marked as &quot;sealed&quot;? Where I can see an special options for manage this?<br />\n<pre><code>public sealed partial class MyScanner : ScanBase</code></pre>\n\nI want to use same scanner for two own parsers, but first should be generated for &quot;usual&quot; grammar (where EOL does not affect the rules), and other - where EOL used in the grammar.\r<br />\nFor this I hoped override the yylex() method for skip any EOL tokens (for first case).<br />\n<pre><code>    public class MyScannerWithSkipEOL : MyScanner\n    {\n        public override int yylex()\n        {\n            int token = base.yylex();\n            while (token == (int)Token.EOL)\n                token = base.yylex();\n            return token;\n        }\n    }</code></pre>\n\nBut generated MyScanner is sealed<br />\n",
    "PostedDate": "2016-11-26T05:20:48.943-08:00",
    "UserRole": null,
    "MarkedAsAnswerDate": null
  }
]