[
  {
    "Id": "1061161",
    "ThreadId": "448224",
    "Html": "Hi,\r<br />\n<br />\nI am trying to create a SQL parser for the <a href=\"http://savage.net.au/SQL/sql-92.bnf.html\" rel=\"nofollow\">SQL-92 BNF</a> that was converted by me to the lex/yacc grammar. I have the following two rules in the lexer's grammar:<br />\n<pre><code>[a-zA-Z][a-zA-Z_0-9]* {\n    Console.WriteLine(&quot;SQL_IDENTIFIER&quot;);\n    return (int) Tokens.SQL_IDENTIFIER;\n}\n[a-zA-Z_][a-zA-Z_0-9]* {\n    Console.WriteLine(&quot;REGULAR_IDENTIFIER&quot;);\n    return (int) Tokens.REGULAR_IDENTIFIER;\n}</code></pre>\n\nThese two rules corresponds to the <a href=\"http://savage.net.au/SQL/sql-92.bnf.html#xref-SQL%20language%20identifier\" rel=\"nofollow\">&lt;SQL language identifier&gt;</a> and the <a href=\"http://savage.net.au/SQL/sql-92.bnf.html#xref-regular%20identifier\" rel=\"nofollow\">&lt;regular identifier&gt;</a> rules of the BNF.\r<br />\n<br />\nAfter compilation when I try to check SQL files with test samples Parser recognizes all identifiers as SQL_IDENTIFIER. For example for the following SQL:<br />\n<pre><code>SELECT * FROM (SELECT * FROM table_name) t;</code></pre>\n\nit shows:<br />\n<pre><code>Parsing SQL: SELECT * FROM (SELECT * FROM table_name) t;\nSELECT\nASTERISK\nFROM\nLEFT_PAREN\nSELECT\nASTERISK\nFROM\nSQL_IDENTIFIER\nRIGHT_PAREN\nSQL_IDENTIFIER\nSEMICOLON\nEOF\nDONE!</code></pre>\n\nAll parser's rules are in the following format<br />\n<pre><code>regular_identifier:\n    SQL_ID;</code></pre>\n\nwithout any C# actions and respective rules are:<br />\n<pre><code>...\nactual_identifier:\n    DOUBLE_QUOTED_STRING | regular_identifier;\n\nregular_identifier:\n    SQL_ID;\n...\n\ncharacter_set_specification:\n    schema_name PERIOD sql_language_identifier\n    | sql_language_identifier;\n\nsql_language_identifier:\n    SQL_ID;</code></pre>\n\nI expect that program (parser + lexer) should show REGULAR_IDENTIFIER instead of all SQL_IDENTIFIER but it shows SQL_IDENTIFIER for some reason. I'm stuck with it and don't know what to do next to fix the problem.\r<br />\n<br />\nCould you help me to resolve this problem.\r<br />\n<br />\nThanks ;)<br />\n",
    "PostedDate": "2013-06-25T18:46:42.63-07:00",
    "UserRole": null,
    "MarkedAsAnswerDate": null
  },
  {
    "Id": "1061810",
    "ThreadId": "448224",
    "Html": "Hi Jeff.<br />\nThe problem is that the grammar that you are dealing with is descriptive rather than designed for recognition.  All that it really tells you is that ordinary identifiers can start with an underscore &quot;_&quot; while sql identifiers cannot.  The grammar tells you how to invent a legal identifier for each case, but does not help at all to recognize identifiers as the grammar is ambiguous. For example, if you take a random identifier, such as &quot;foo&quot; to choose a random example, then this matches both patterns.  The best that you can do is to separate the cases &quot;definitely a regular identifier&quot; and &quot;could be either regular or sql identifier&quot;. <br />\n<br />\nOnce you do this you have to then hack on your syntactic grammar so that it can deal with the &quot;could be either&quot; identifiers.<br />\n<br />\nAs to the &quot;always overrides&quot; message, the rule with LEX is that if more than one pattern matches you return the longest.  If the length measurement is a tie, then you choose the lowest numbered rule.  Suppose you have two rules<br />\n<br />\n&quot;xyz&quot;        { return (int)Tokens.xyz; }<br />\n{alpha}{3} {return (int)Tokens.TLA; }<br />\n<br />\nThen if the scanner sees &quot;xyz&quot; this will also match the second rule. However xyz will be returned because of the tie-breaking rule.  However, if you put the rules in a different order -- <br />\n<br />\n{alpha}{3} {return (int)Tokens.TLA; }<br />\n&quot;xyz&quot;        { return (int)Tokens.xyz; }<br />\n<br />\nthen when the scanner sees &quot;xyz&quot; the tie-breaking rule will return TLA.  However gplex will warn you that nothing matches the second rule, so that you realize that you have got the order wrong.<br />\n<br />\nJohn<br />\n",
    "PostedDate": "2013-06-27T00:19:19.087-07:00",
    "UserRole": "Owner",
    "MarkedAsAnswerDate": null
  },
  {
    "Id": "1062194",
    "ThreadId": "448224",
    "Html": "Thanks John for reply. It has clarified for me how the lexer handles of ambiguous cases. As I understood I need to change the lexer's grammar as:<br />\n<pre><code>[a-zA-Z][a-zA-Z_0-9]* {\n    Console.WriteLine(&quot;SQL_ID_OR_REGULAR_ID&quot;);\n    return (int) Tokens.SQL_ID_OR_REGULAR_ID;\n}\n[a-zA-Z_][a-zA-Z_0-9]* {\n    Console.WriteLine(&quot;REGULAR_IDENTIFIER&quot;);\n    return (int) Tokens.REGULAR_IDENTIFIER;\n}</code></pre>\n\nam I right? if yes, I not completely understand how can I handle the SQL_ID_OR_REGULAR_ID case, i.e. what should I change in the parser's grammar to make it recognize this case.<br />\n",
    "PostedDate": "2013-06-27T14:51:42.293-07:00",
    "UserRole": null,
    "MarkedAsAnswerDate": null
  },
  {
    "Id": "1062867",
    "ThreadId": "448224",
    "Html": "Hi.  Well that is one way of doing it. However if you order the rules in this way it would be more helpful to name them &quot;IDENT_FOR_EITHER&quot; and &quot;IDENT_NOT_FOR_SQL&quot;. All the identifiers that do not start with an underscore will be recognized by the first rule (using the tie-breaking rule) leaving only the identifiers that are not legal for SQL to be matched by the second rule. You might prefer shorter names, if you can think of ones that still signal the meaning.<br />\n<br />\nI have just taken a look at the grammar fragment in your original post.  There is something missing here.<br />\nThe token REGULAR_IDENTIFIER does not appear in the grammar fragment, although you have the production<br />\n<pre><code>regular_identifier:\n    SQL_ID;</code></pre>\n\nI suspect that what you need, in terms of the two token that I gave names to is<br />\n<pre><code>regular_identifer:\n    IDENT_FOR_EITHER | IDENT_NOT_FOR_SQL ;\n...\nsql_language_identifier:\n    IDENT_FOR_EITHER ;\n...</code></pre>\n\nYou might need to check my understanding of these two symbols reflects their use in the rest of the grammar.<br />\n",
    "PostedDate": "2013-06-29T18:02:13.947-07:00",
    "UserRole": "Owner",
    "MarkedAsAnswerDate": null
  }
]