[
  {
    "Id": "1307720",
    "ThreadId": "568248",
    "Html": "Has the code that is generated by GPLEX been tuned for performance?\r<br />\n<br />\nI’m asking because I noted that of the four overloads of SetSource, the SetSource(string, int) is the fastest, slightly faster than the two having a stream parameter, and the SetSource(IList&lt;string&gt;) is unacceptable slow with large files (50 MB) (because of LineBuffer.findIndex).\r<br />\n<br />\nThanks!<br />\n",
    "PostedDate": "2014-09-24T04:46:10.25-07:00",
    "UserRole": null,
    "MarkedAsAnswerDate": null
  },
  {
    "Id": "1308703",
    "ThreadId": "568248",
    "Html": "Hi Martin\r<br />\nYou are quite right.  The performance of the buffering with a list of strings as source is pretty bad.  Not much can be done about this as indexing into the <em>character position</em> of the list as though it were a stream is really inefficient.\r<br />\n<br />\nHowever, thanks for the comment.  I should at least warn users about the performance in this case.  And, come to think of it, if there is no choice but to use an IList then it would be possible to speed up LineBuffer.findIndex by constructing an index table on the fly, as lines are read.  I guess programs only want to index backwards into lines that have been already read?\r<br />\n<br />\nHmm, might have a look at that next time I get a spare hour.\r<br />\nJohn<br />\n",
    "PostedDate": "2014-09-28T04:44:40.453-07:00",
    "UserRole": "Owner",
    "MarkedAsAnswerDate": null
  }
]