[
  {
    "Id": "1294322",
    "ThreadId": "562354",
    "Html": "Hi,\r<br />\n<br />\nI'm sorry to ask such a dumb question but i can't find a way to return the token associated value from the scanner to the parser.\r<br />\n<br />\nI'm used to JFLEX-like languages where you can return token like this:<br />\n<pre><code>return Symbol( sym.token, value);</code></pre>\n\nCan you please telle me how i can do it?<br />\n",
    "PostedDate": "2014-08-28T08:52:18.667-07:00",
    "UserRole": null,
    "MarkedAsAnswerDate": null
  },
  {
    "Id": "1294852",
    "ThreadId": "562354",
    "Html": "Hi NLK\r<br />\nThe question is not dumb. The whole idea of the tools is to be used by people\r<br />\nwho are experts in their application area but not necessarily in parsing\r<br />\ntheory. \r<br />\n<br />\nThere is about 150+ lines of documentation for gplex and gppg, so I will point\r<br />\nyou at the areas that you need to read to help with this particular problem.\r<br />\nThe page numbers refer to the current versions of the doco, 1.2.2 for gplex,\r<br />\n1.5.2 for gppg.\r<br />\n<br />\nlex scanners and yacc parsers play nicely together by sharing two types: a\r<br />\nsemantic action type %YYSTYPE which is the type of the yylval variable, and\r<br />\nthe location %YYLTYPE which is the type of the yylloc variable.  The default\r<br />\ntypes for these two variables are int and LexLocation. \r<br />\n<br />\nFor gplex/gppg there is an abstract scanner type \r<br />\nAbstractScanner&lt;TValue,TSpan&gt;\r<br />\nwhich is the base type of the scanner produced by gplex. The *.y file may\r<br />\ndeclare the %YYSTYPE and %YYLTYPE types and gppg will declare an instance\r<br />\nof the abstract base class with these type arguments. \r<br />\nThe scanner Abstract Scanner interface is given in figure-2 on page 8 of gppg.pdf.\r<br />\nSetting the yylval and yylloc values are discussed in section 4.4 of\r<br />\ngplex.pdf, starting at page 32.\r<br />\n<br />\nThe important thing to know about the semantic action type is that it is used\r<br />\nto pass values from the scanner to the parser, but also as the type referred\r<br />\nto by the $x variables in the semantic actions of the parser production rules.\r<br />\nSo it is possible to choose a type that is the result type of the computations\r<br />\nof the parser.  This is a typical use case with tree-building parsers which\r<br />\nwill be passed leaf nodes from the scanner, and then build (sub-)trees by the\r<br />\nactions of the parser as particular structures are recognized.  See the\r<br />\ntree-building example in the testfiles directory of the gppg distribution for\r<br />\nan example of this.\r<br />\n<br />\nThere are various patterns of use:\r<br />\n(1) a scanner interface where only the identity of the token matters, with the\r<br />\nparser grabbing any information it needs from the scanner's yytext variable if\r<br />\nneeded.  gplex's own scanner and parser work like this. \r<br />\n(2) an action type that in original lex would have been a union type. Since C#\r<br />\ndoes not have a union construct gppg uses a struct type with one field of each\r<br />\nrequired type. Gppg has this structure.\r<br />\n<br />\nSection 2.4.7 and 2.4.8 of gppg.pdf explains how this works. In the case of\r<br />\nthe union construct in gppg.y the only field that is used by the scanner is\r<br />\nthe integer iVal field, all the others are fields used by the parser\r<br />\nproductions.\r<br />\n<br />\nFor the scanner, the semantic actions must name the field of yylval to which \r<br />\nthey are assigning (see lines 158 and 159 of gppg.lex for an example). \r<br />\n<br />\nHowever in the parser, the declaration of the types of the non-terminal symbols \r<br />\n(see lines 42-46 of gppg.y) allows gppg to generate the field access code \r<br />\nitself from the production declarations.  Thus, looking at the semantic action \r<br />\nat line 198 of gppg.y \r<br />\n$1.Add($3);\r<br />\nwill use the known type of $1 (TokenList) and $3 (TokenDecl) to compute that\r<br />\n$1 must access the TokenList field of ValueType object at position-1 on the\r<br />\nvalue stack, while &quot;$3&quot; expands to access the tokenInfo field of the ValueType \r<br />\nobject at position-3 on the value stack. Of course all of this is done by the\r<br />\nparser generator, so you don't need to know this.\r<br />\n<br />\nHope this helps.  Let me know if you have more question.\r<br />\n<br />\nCheers\r<br />\nJohn<br />\n",
    "PostedDate": "2014-08-29T04:15:39.82-07:00",
    "UserRole": "Owner",
    "MarkedAsAnswerDate": null
  }
]