[
  {
    "Id": "812560",
    "ThreadId": "349198",
    "Html": "<p>Hi all,</p>\n<p>Given the following example, running this scanner does not scan the quoted text with caseinsensitive option enabled. The text is scanned correctly when i disable the option. Is this expected&nbsp;behavior?</p>\n<p>&nbsp;</p>\n<pre>%namespace LexScanner\n%option noparser nofiles caseinsensitive\n\nstring\t\\\"[^\\\"]*\\\"\n\n%%\n{string}\tConsole.WriteLine(\"string: \" + yytext);\n\n%%\n\n    public static void Main(string[] argp) { \n\t\tvar foo = \"\\\"a quoted string\\\"\";\n\t\t\n\t\tConsole.WriteLine(\"Scanning '\" + foo + \"'\");\n\t\t\n\t\tScanner scnr = new Scanner();\n\t\tscnr.SetSource(foo, 0);\n\t\tscnr.yylex();\n    }\n</pre>\n<p>&nbsp;</p>\n<p>I'm running&nbsp;GPLEX version: 1.1.6</p>\n<p>Regards</p>",
    "PostedDate": "2012-03-19T09:18:28.457-07:00",
    "UserRole": null,
    "MarkedAsAnswerDate": null
  },
  {
    "Id": "813430",
    "ThreadId": "349198",
    "Html": "<p>Hi swiebertje.&nbsp; Yes, it looks like a bug.&nbsp; I will check it out and get back when I have a fix.</p>\r\n<p>John</p>",
    "PostedDate": "2012-03-21T03:46:49.687-07:00",
    "UserRole": "Owner",
    "MarkedAsAnswerDate": null
  },
  {
    "Id": "813849",
    "ThreadId": "349198",
    "Html": "<p>swiebertje</p>\r\n<p>Ok, so this was a problem with the processing of inverted sets in the /caseinsensitive case. A couple of other small issues were fixed at the same time, and the updated sources are in the repository.&nbsp; I will generate a new distribution within the next few days.</p>\r\n<p>There were actually two problems:&nbsp; character sets were always broken if all of the following were true - /caseinsensitive option, set was inverted [^...], character set was 8-bit (/nounicode option).&nbsp; This is why your example is broken even though there is no alphabetic character in \\\"[^\\\"]*\\\".&nbsp; The second problem was that the conversion of any such set to the case insensitive form must be performed *before* the set inversion is processed.&nbsp;</p>\r\n<p>Thank you very much for giving me a nice short example to beat on!</p>\r\n<p>John</p>",
    "PostedDate": "2012-03-21T21:19:34.157-07:00",
    "UserRole": "Owner",
    "MarkedAsAnswerDate": null
  },
  {
    "Id": "814054",
    "ThreadId": "349198",
    "Html": "<p>Hi John.</p>\r\n<p>Thanks for the fast fix and the effort you're putting in this&nbsp;nice project!</p>\r\n<p>Regards</p>",
    "PostedDate": "2012-03-22T07:09:52.177-07:00",
    "UserRole": null,
    "MarkedAsAnswerDate": null
  }
]