[
  {
    "Id": "580988",
    "ThreadId": "249843",
    "Html": "<p>Hi</p>\n<p>It seems you dont like to share this project coz main important files missing from downloads&nbsp;like scanner.cs or parser.cs</p>",
    "PostedDate": "2011-03-15T14:09:13.14-07:00",
    "UserRole": null,
    "MarkedAsAnswerDate": null
  },
  {
    "Id": "581239",
    "ThreadId": "249843",
    "Html": "<p>You only need these files if you are recompiling the source of the tool, you don't need it to RUN the tool.&nbsp; In order to&nbsp;recompile this you need to&nbsp;regenerate the files from&nbsp;the batch file SpecFiles\\GenerateAll.bat.&nbsp; You need the executables of both gplex AND gppg to do this.</p>\r\n<p>The reason for this, is to make sure that the Scanner and Parser that you use exactly aligns with the frame file, to which it is tightly bound.</p>\r\n<p>Any other problems, please let me know.</p>\r\n<p>Cheers</p>\r\n<p>John</p>",
    "PostedDate": "2011-03-16T01:36:32.11-07:00",
    "UserRole": "Owner",
    "MarkedAsAnswerDate": null
  }
]