{
  "WorkItem": {
    "AffectedComponent": {
      "Name": "",
      "DisplayName": ""
    },
    "ClosedComment": "",
    "ClosedDate": null,
    "CommentCount": 0,
    "Custom": null,
    "Description": "Hi, \nI see below error when I use gplex in my application. Any idea why this error occurs. This happens when I am trying to add new token definition.\n \n \nIndex was out of range. Must be non-negative and less than the size of the collection.\nParameter name: index\n \nError Summary --- \n0001 \n------\nEXEC : error : Index was out of range. Must be non-negative and less than the size of the collection.\nParameter name: index\nUnhandled Exception: System.ArgumentOutOfRangeException: Index was out of range. Must be non-negative and less than the size of the collection.\nParameter name: index\n   at System.ThrowHelper.ThrowArgumentOutOfRangeException()\n   at System.Collections.Generic.List`1.get_Item(Int32 index)\n   at QUT.Gplex.Automaton.DFSA.DfsaInstance.MkClosure(NSet set)\n   at QUT.Gplex.Automaton.DFSA.DfsaInstance.Convert()\n   at QUT.Gplex.Automaton.DFSA.Convert(NFSA nfa)\n   at QUT.Gplex.Automaton.TaskState.Process(String fileArg)\n   at QUT.Gplex.Program.Main(String[] args)",
    "LastUpdatedDate": "2013-02-13T18:43:20.64-08:00",
    "PlannedForRelease": "",
    "ReleaseVisibleToPublic": false,
    "Priority": {
      "Name": "Low",
      "Severity": 50,
      "Id": 1
    },
    "ProjectName": "gplex",
    "ReportedDate": "2011-04-08T15:38:46.16-07:00",
    "Status": {
      "Name": "Proposed",
      "Id": 1
    },
    "ReasonClosed": {
      "Name": "Unassigned"
    },
    "Summary": "Index out of range error",
    "Type": {
      "Name": "Issue",
      "Id": 3
    },
    "VoteCount": 1,
    "Id": 8623
  },
  "FileAttachments": [],
  "Comments": [
    {
      "Message": "Hi vkumarc.  I have sent you a message asking for the LEX file.  This is an interesting error, and I would like to understand what causes it so that I can put in a specific user message.\r\n",
      "PostedDate": "2011-04-09T19:32:56.8-07:00",
      "Id": -2147483648
    },
    {
      "Message": "Hi John,\r\nI have sent lex file to you in reply to your email.",
      "PostedDate": "2011-04-13T14:25:01.373-07:00",
      "Id": -2147483648
    },
    {
      "Message": "This error was caused by a size limitation on the number of NFSA states of the automaton. GPLEX is well tested with specifications which have the classic state explosion, that is, simple NFSA which lead to huge DFSA. Automata with over 500k DFSA states are ok.  This example does the opposite: about 128k NFSA states that compress down to only 1600 DFSA states.  \r\n\r\nIn any case it is a bad bug, particularly as the tool does not check the hard limit of 64k NFSA states.\r\n\r\nVersion 1.1.6 fixes this with a 32 bit (ulong) limit on the number of NFSA states. One would not want to wait around while GPLEX constructs an DFSA from such a large NFSA however as the subset construction step is at roughly quadratic in the number of NFSA states.  On a middling desktop a 128k NFSA requires about 13 seconds to process. However the generated scanner runs at the same speed as one generated from a small specification.",
      "PostedDate": "2011-05-01T21:27:44.107-07:00",
      "Id": -2147483648
    },
    {
      "Message": "I have also discovered that you will get the IndexOutOfRangeError, even with v 1.1.6, if you use /caseinsensitive and define a token with a regular expression such as [a-zA-Z_0-9¡-ÿ]+. This is fixed by removing the now redundant alpha character range - i.e. change the regular expression to [A-Z_0-9¡-ÿ]+.\r\n\r\nLarry",
      "PostedDate": "2011-11-15T10:45:53.18-08:00",
      "Id": -2147483648
    },
    {
      "Message": "Hi itronlarry.  Sorry for the delay in response.  I have been getting a new release out for another project.  I will fix this issue as soon as that is done. Cheers John.",
      "PostedDate": "2011-11-23T17:49:28.633-08:00",
      "Id": -2147483648
    },
    {
      "Message": "",
      "PostedDate": "2013-02-13T18:43:20.64-08:00",
      "Id": -2147483648
    }
  ]
}