{
  "WorkItem": {
    "AffectedComponent": {
      "Name": "",
      "DisplayName": ""
    },
    "ClosedComment": "",
    "ClosedDate": null,
    "CommentCount": 0,
    "Custom": null,
    "Description": "The code generated by GPLEX does not work out-of-the-box on .Net Compact Framework 3.5 (for Windows Mobile).\n \nIt would be quite easy to fix this though.\n \n* The Compact Framework does not support Serialization, so one need to remove using System.Runtime.Serialization, \nthe [Serializable] attribute and the last constructor from BufferException.\n \n* The Compact Framework does not support char.IsHighSurrogate which is used in yyleng() in Unicode mode. \nI solved that by simply removing the _yytrunc() and yyleng() methods since they were not used.",
    "LastUpdatedDate": "2013-02-13T18:43:20.917-08:00",
    "PlannedForRelease": "",
    "ReleaseVisibleToPublic": false,
    "Priority": {
      "Name": "Low",
      "Severity": 50,
      "Id": 1
    },
    "ProjectName": "gplex",
    "ReportedDate": "2011-02-22T02:22:02.683-08:00",
    "Status": {
      "Name": "Proposed",
      "Id": 1
    },
    "ReasonClosed": {
      "Name": "Unassigned"
    },
    "Summary": "GPLEX on .Net Compact Framework",
    "Type": {
      "Name": "Issue",
      "Id": 3
    },
    "VoteCount": 1,
    "Id": 8395
  },
  "FileAttachments": [],
  "Comments": []
}