{
  "WorkItem": {
    "AffectedComponent": {
      "Name": "",
      "DisplayName": ""
    },
    "ClosedComment": "",
    "ClosedDate": null,
    "CommentCount": 0,
    "Custom": null,
    "Description": "The flag caseInsensitive not working anymore.\n\n&gtExec Command=\"$(GplexTool) /caseInsensitive &&amp;quot;/out:... \n\nPlease reintroduce the flag caseInsensitive.",
    "LastUpdatedDate": "2014-11-30T22:51:08.267-08:00",
    "PlannedForRelease": "",
    "ReleaseVisibleToPublic": false,
    "Priority": {
      "Name": "Unassigned",
      "Severity": 0,
      "Id": 0
    },
    "ProjectName": "gplex",
    "ReportedDate": "2014-11-14T16:08:35.637-08:00",
    "Status": {
      "Name": "Proposed",
      "Id": 1
    },
    "ReasonClosed": {
      "Name": "Unassigned"
    },
    "Summary": "caseInsensitive flag",
    "Type": {
      "Name": "Unassigned",
      "Id": 5
    },
    "VoteCount": 1,
    "Id": 13321
  },
  "FileAttachments": [
    {
      "FileId": 5094,
      "FileName": "casetest.lex",
      "DownloadUrl": ".\\5094"
    }
  ],
  "Comments": [
    {
      "Message": "Ok, sounds bad.  I will check it out, and get back to users.",
      "PostedDate": "2014-11-17T15:25:38.933-08:00",
      "Id": -2147483648
    },
    {
      "Message": "",
      "PostedDate": "2014-11-30T22:51:03.38-08:00",
      "Id": -2147483648
    },
    {
      "Message": "Can't find any problem with case insensitive scanners.\nSee attached test file.",
      "PostedDate": "2014-11-30T22:51:08.267-08:00",
      "Id": -2147483648
    }
  ]
}