{
  "WorkItem": {
    "AffectedComponent": {
      "Name": "",
      "DisplayName": ""
    },
    "ClosedComment": "",
    "ClosedDate": null,
    "CommentCount": 0,
    "Custom": null,
    "Description": "gplex acccepts this specification:\n%namespace toto\n%%\n \nHowever, if the %namespace is removed, i.e. the specification becomes only:\n%%\nthen gplex fails on a NullReferenceException. It would be better if it emit an error message saying that a namespace must be specified.\n \nAlso, as a side-question, is this really necessary to have a namespace specified? It would be even nicer if gplex didn't necessarily require a namespace.\n \nThank you.",
    "LastUpdatedDate": "2013-02-13T18:43:21.553-08:00",
    "PlannedForRelease": "",
    "ReleaseVisibleToPublic": false,
    "Priority": {
      "Name": "Low",
      "Severity": 50,
      "Id": 1
    },
    "ProjectName": "gplex",
    "ReportedDate": "2011-01-05T10:12:15.593-08:00",
    "Status": {
      "Name": "Proposed",
      "Id": 1
    },
    "ReasonClosed": {
      "Name": "Unassigned"
    },
    "Summary": "Error message when no %namespace specified. Need for a namespace?",
    "Type": {
      "Name": "Issue",
      "Id": 3
    },
    "VoteCount": 1,
    "Id": 8057
  },
  "FileAttachments": [],
  "Comments": []
}