{
  "WorkItem": {
    "AffectedComponent": {
      "Name": "",
      "DisplayName": ""
    },
    "ClosedComment": "",
    "ClosedDate": null,
    "CommentCount": 0,
    "Custom": null,
    "Description": "I want to use GPLEX with a WinRT (portable class library) application, however, it's not at all compatible.\n\nSerialization, Reflection, Encoding, Files, Console and other things differ.\n\nThere are issues in both the boiler plate code and the generated code.\n\nDo you have in mind to Make it Portable Class Library compatible?\n\nI'd be prepared (in principle) to tackle this myself, but the donwloaded zip file appears to be missing parser.cs, Scanner.cs and GplexBuffers.cs ) so I can't build it.\n\nIain",
    "LastUpdatedDate": "2014-11-30T04:06:55.023-08:00",
    "PlannedForRelease": "",
    "ReleaseVisibleToPublic": false,
    "Priority": {
      "Name": "Unassigned",
      "Severity": 0,
      "Id": 0
    },
    "ProjectName": "gplex",
    "ReportedDate": "2014-11-22T08:13:18.387-08:00",
    "Status": {
      "Name": "Proposed",
      "Id": 1
    },
    "ReasonClosed": {
      "Name": "Unassigned"
    },
    "Summary": "WinRT compatibility && I can't build it",
    "Type": {
      "Name": "Unassigned",
      "Id": 5
    },
    "VoteCount": 1,
    "Id": 13328
  },
  "FileAttachments": [],
  "Comments": [
    {
      "Message": "For what it's worth, I've discovered that you have to run the batch file  GenerateAll to make the cs files.\r\n\r\nTo get this create RT compatible code I've done the following:-\r\n\r\n**In the target project, created a SerialiazableAttribute class which does nothing (the Exceptions contain a Serializable attribute)\n**In the Gplex SpecFiles removed the BufferException constructor with serialization int GplexBuffers.  WinRT doesn't support this - DataContracts are the new way, apparently.\r\n\r\n**In the target project Created a class to mimic Console \r\n\r\n    public class Console\n    {\n        private static Console _console ;\r\n\r\n        public static Console Out\n        {\n            get { if (_console == null) { _console = new Console();}\n                return _console;\n            }\n        }\r\n\r\n        public void Write(string format, params object[] p)\n        {\n            System.Diagnostics.Debug.WriteLine(format, p);\n        }\r\n\r\n        public static void WriteLine(string format, params object[] p)\n        {\n            System.Diagnostics.Debug.WriteLine(format, p);\n        }\n    }\r\n\r\n** in the lex file use the nofiles option AND unicode.  In the target project define NOFILES to stop the file reading stuff being compiled.  THis leaves me with a scanner that requires a string input, but bypasses the swathes of changes to support lack of code pages and the changes to the file reading bits (async and so on)\r\n\r\n** Rework the way GetMaxParseToken is defined (in gplexx.frame) to avoid reflection\r\n\r\n        private static int GetMaxParseToken() {\n##-->translate $Tokens t;\n##-->translate if ($Tokens.TryParse(\"maxParseToken\", false, out t))\n            {\n                return (int) t;\n            }\n            else\n            {\n                return int.MaxValue;\n            }\n        }\r\n\r\n\nI think that's it.  GPLex won't run under WinRT and the generated code has some restrictions, but it's got me going.  I will leave any more sophisticated fixes to someone who understands how it works.\r\n\r\nSadly, the scanner generated still doesn't correctly tokenise CSS2.1 which was my intent, but that's hardly the fault of GPLex!\r\n\r\n",
      "PostedDate": "2014-11-30T04:06:55.023-08:00",
      "Id": -2147483648
    }
  ]
}