{
  "WorkItem": {
    "AffectedComponent": {
      "Name": "",
      "DisplayName": ""
    },
    "ClosedComment": "",
    "ClosedDate": null,
    "CommentCount": 0,
    "Custom": null,
    "Description": "Adding the euro sign € to a character set literal (i.e., [€]) crashes gplex, with error:\n\nIndex was out of range. Must be non-negative and less than the size of the collection.\nParameter name: index\n\nUnhandled Exception: System.ArgumentOutOfRangeException: Index was out of range.\n Must be non-negative and less than the size of the collection.\nParameter name: index\n   at System.Collections.BitArray.Set(Int32 index, Boolean value)\n   at System.Collections.BitArray.set_Item(Int32 index, Boolean value)\n   at QUT.Gplex.Automaton.NFSA.NState.AddClsTrans(Leaf leaf, NState nxt)\n   at QUT.Gplex.Automaton.NFSA.NfsaInstance.MakePath(RegExTree tree, NState startState, NState endState)\n   at QUT.Gplex.Automaton.NFSA.Build(AAST ast)\n   at QUT.Gplex.Automaton.TaskState.Process(String fileArg)\n   at QUT.Gplex.Program.Main(String[] args)\nC:\\Mischa\\vhdl_gppg\\ConsoleApplication1\\ConsoleApplication2_vhdl\\vhdllexer.lex(1,1):error 3:Index was out of range. Must be non-negative and less than the size\nof the collection.\nParameter name: index\n\n(Oddly, adding the euro sign between quotes seems to work just fine, as a workaround.)\nJust my 2 cts. Keep up the good works!",
    "LastUpdatedDate": "2015-10-03T13:21:15.45-07:00",
    "PlannedForRelease": "",
    "ReleaseVisibleToPublic": false,
    "Priority": {
      "Name": "Unassigned",
      "Severity": 0,
      "Id": 0
    },
    "ProjectName": "gplex",
    "ReportedDate": "2015-10-03T13:21:15.45-07:00",
    "Status": {
      "Name": "Proposed",
      "Id": 1
    },
    "ReasonClosed": {
      "Name": "Unassigned"
    },
    "Summary": "[€] as regular expression crashes gplex",
    "Type": {
      "Name": "Unassigned",
      "Id": 5
    },
    "VoteCount": 1,
    "Id": 13731
  },
  "FileAttachments": [],
  "Comments": []
}