{
  "WorkItem": {
    "AffectedComponent": {
      "Name": "",
      "DisplayName": ""
    },
    "ClosedComment": "",
    "ClosedDate": "2010-11-01T03:50:02.977-07:00",
    "CommentCount": 0,
    "Custom": null,
    "Description": "AAST.LitString uses str = CharacterUtilities.InterpretCharacterEscapes(str); to interpret character escapes. Additionally return new Leaf(str) calls the same CharacterUtilities.InterpretCharacterEscapes method to decode escapes.\nDouble decode either results in a crash or unexpected behaviour.\nTest case:\n \n%%\n \n\"\\\\\"      return 42;\n \nCrashes with Index out of bounds exception when trying to decode \"\\\". Another test case:\n \n%%\n\"\\\\'\"     return 42;\nWill accept string \"'\" instead of \"\\'\"",
    "LastUpdatedDate": "2013-05-16T01:00:45.557-07:00",
    "PlannedForRelease": "",
    "ReleaseVisibleToPublic": false,
    "Priority": {
      "Name": "Low",
      "Severity": 50,
      "Id": 1
    },
    "ProjectName": "gplex",
    "ReportedDate": "2010-10-28T01:19:40.527-07:00",
    "Status": {
      "Name": "Closed",
      "Id": 4
    },
    "ReasonClosed": {
      "Name": "Unassigned"
    },
    "Summary": "AAST.LitString double decodes character escapes",
    "Type": {
      "Name": "Issue",
      "Id": 3
    },
    "VoteCount": 1,
    "Id": 7504
  },
  "FileAttachments": [],
  "Comments": [
    {
      "Message": "Hi mifmfc\r\nOk, this is obviously a bug.  I will look at a fix in the next few days, and will refresh the distribution when it is fixed.\r\nThanx\r\nJohn",
      "PostedDate": "2010-10-29T19:34:53.95-07:00",
      "Id": -2147483648
    },
    {
      "Message": "New release version 1.1.5 resolves this issue. Thanks to mifmfc for reporting this.",
      "PostedDate": "2010-11-01T03:49:25.353-07:00",
      "Id": -2147483648
    },
    {
      "Message": "",
      "PostedDate": "2010-11-01T03:50:02.977-07:00",
      "Id": -2147483648
    },
    {
      "Message": "",
      "PostedDate": "2013-02-13T18:43:21.743-08:00",
      "Id": -2147483648
    },
    {
      "Message": "",
      "PostedDate": "2013-05-16T01:00:45.557-07:00",
      "Id": -2147483648
    }
  ]
}