{
  "WorkItem": {
    "AffectedComponent": {
      "Name": "",
      "DisplayName": ""
    },
    "ClosedComment": "",
    "ClosedDate": null,
    "CommentCount": 0,
    "Custom": null,
    "Description": "Would it be possible to emit errors in the style supported by MSBuild / Visual Studio?\n \nSpecifically:\n \nC:\\path\\to\\file.lex(15,21) : error 54: Invalid character range: lower bound > upper bound.\n \nThis would help immensely in integrating these tools with the build process.",
    "LastUpdatedDate": "2013-02-13T18:43:20.147-08:00",
    "PlannedForRelease": "",
    "ReleaseVisibleToPublic": false,
    "Priority": {
      "Name": "Low",
      "Severity": 50,
      "Id": 1
    },
    "ProjectName": "gplex",
    "ReportedDate": "2012-04-30T20:27:01.153-07:00",
    "Status": {
      "Name": "Proposed",
      "Id": 1
    },
    "ReasonClosed": {
      "Name": "Unassigned"
    },
    "Summary": "Errors in MSBuild Style",
    "Type": {
      "Name": "Issue",
      "Id": 3
    },
    "VoteCount": 1,
    "Id": 10717
  },
  "FileAttachments": [],
  "Comments": [
    {
      "Message": "Hi otacon\r\nThanks for the request.  This issue is resolved in version 1.5.0 of GPPG and 1.2.0 of GPLEX, along with a heap of other small changes.\r\nBoth of these are going up today.",
      "PostedDate": "2012-05-10T22:01:33.743-07:00",
      "Id": -2147483648
    },
    {
      "Message": "",
      "PostedDate": "2013-02-13T18:43:20.147-08:00",
      "Id": -2147483648
    }
  ]
}