{
  "WorkItem": {
    "AffectedComponent": {
      "Name": "",
      "DisplayName": ""
    },
    "ClosedComment": "",
    "ClosedDate": null,
    "CommentCount": 0,
    "Custom": null,
    "Description": "There have been reports that the current buffering mechanisms do not work with silverlight.  I have not checked this out yet, but it is plausible,  I may need to create a new buffering option that bypasses all of the BCL code that assumes the presence of all of the code-page options and just uses UTF-8.\n \nAs a more general point, there may need to be a mechanism for users to supply their own specialized class derived from the abstract ScanBuff class.\n \nStay tuned.",
    "LastUpdatedDate": "2013-02-13T18:43:22.46-08:00",
    "PlannedForRelease": "",
    "ReleaseVisibleToPublic": false,
    "Priority": {
      "Name": "Low",
      "Severity": 50,
      "Id": 1
    },
    "ProjectName": "gplex",
    "ReportedDate": "2009-11-02T18:17:38.82-08:00",
    "Status": {
      "Name": "Proposed",
      "Id": 1
    },
    "ReasonClosed": {
      "Name": "Unassigned"
    },
    "Summary": "Buffering Mechanism Unsuitable for SilverLight?",
    "Type": {
      "Name": "Issue",
      "Id": 3
    },
    "VoteCount": 1,
    "Id": 4568
  },
  "FileAttachments": [],
  "Comments": []
}