{
  "WorkItem": {
    "AffectedComponent": {
      "Name": "",
      "DisplayName": ""
    },
    "ClosedComment": "Code repository has fixes.",
    "ClosedDate": "2010-04-28T04:02:13.773-07:00",
    "CommentCount": 0,
    "Custom": null,
    "Description": "Juntao Zhu reported the issue of incorrect setting of LineBuffer::cLine in the setter of Buffer.Pos.  The value of cLine always points to the *next* line after the current line is fetched.\n \nThis issue is now fixed in the source code repository on CodePlex.  An updated distribution will follow in a day or two.",
    "LastUpdatedDate": "2013-05-16T01:00:46.08-07:00",
    "PlannedForRelease": "",
    "ReleaseVisibleToPublic": false,
    "Priority": {
      "Name": "Low",
      "Severity": 50,
      "Id": 1
    },
    "ProjectName": "gplex",
    "ReportedDate": "2010-04-28T03:56:48.75-07:00",
    "Status": {
      "Name": "Closed",
      "Id": 4
    },
    "ReasonClosed": {
      "Name": "Unassigned"
    },
    "Summary": "Bug in setting Buffer.Pos with LineBuffers and Backup",
    "Type": {
      "Name": "Issue",
      "Id": 3
    },
    "VoteCount": 1,
    "Id": 6021
  },
  "FileAttachments": [],
  "Comments": []
}