{
  "WorkItem": {
    "AffectedComponent": {
      "Name": "",
      "DisplayName": ""
    },
    "ClosedComment": "",
    "ClosedDate": null,
    "CommentCount": 0,
    "Custom": null,
    "Description": "I apologize if this is mentioned somewhere in the documentation. I couldn't find it.\n \nIs there a way to choose the name of the class that is generated. By default it is Scanner. It would be actually nice if it were the same as the name of the output file.",
    "LastUpdatedDate": "2013-02-13T18:43:21.13-08:00",
    "PlannedForRelease": "",
    "ReleaseVisibleToPublic": false,
    "Priority": {
      "Name": "Low",
      "Severity": 50,
      "Id": 1
    },
    "ProjectName": "gplex",
    "ReportedDate": "2011-01-07T12:30:42.1-08:00",
    "Status": {
      "Name": "Proposed",
      "Id": 1
    },
    "ReasonClosed": {
      "Name": "Unassigned"
    },
    "Summary": "Possibility to choose another name for the Scanner class",
    "Type": {
      "Name": "Issue",
      "Id": 3
    },
    "VoteCount": 1,
    "Id": 8093
  },
  "FileAttachments": [],
  "Comments": [
    {
      "Message": "Hi All.\r\nThe names and visibility of the scanner base type, scanner type and token type are all changeable.  GPLEX defaults to name just as though it had seen the declarations --\r\n%scannertype Scanner\r\n%scanbasetype ScanBase\r\n%tokentype Tokens\r\n-- see page 55 of the GPLEX V1.1.5 documentation.",
      "PostedDate": "2011-01-08T21:03:08.367-08:00",
      "Id": -2147483648
    },
    {
      "Message": "Thank you for your answer!\r\nI read p.17 (section 3.2) that \"The file defines a class Scanner, belonging to a namespace specified in the lex input file.\" Reading this sentence, I supposed it implied the name of the class Scanner could not be customized. So maybe, it would be nice to add at this point a reference to page 55.\r\n(I know I should have read the whole documentation from start to end before coding, but I do not feel like investing too much time in this task upfront...)",
      "PostedDate": "2011-01-09T04:59:28.663-08:00",
      "Id": -2147483648
    },
    {
      "Message": "",
      "PostedDate": "2013-02-13T18:43:21.13-08:00",
      "Id": -2147483648
    }
  ]
}