{
  "WorkItem": {
    "AffectedComponent": {
      "Name": "",
      "DisplayName": ""
    },
    "ClosedComment": "",
    "ClosedDate": null,
    "CommentCount": 0,
    "Custom": null,
    "Description": "Add to your lex file a rule that matches null character\n\n\\0        whatever....\n\ngplex will crash with exception:\n\n Unhandled Exception: System.IndexOutOfRangeException: Array index is out of range.\n  at QUT.Gplex.Parser.CharacterUtilities.EscapedChar (System.String source, System.Int32& index) [0x00000] in :0",
    "LastUpdatedDate": "2013-02-13T18:43:19.87-08:00",
    "PlannedForRelease": "",
    "ReleaseVisibleToPublic": false,
    "Priority": {
      "Name": "Low",
      "Severity": 50,
      "Id": 1
    },
    "ProjectName": "gplex",
    "ReportedDate": "2012-10-25T05:59:01.947-07:00",
    "Status": {
      "Name": "Proposed",
      "Id": 1
    },
    "ReasonClosed": {
      "Name": "Unassigned"
    },
    "Summary": "Null character \\0 is not recognized",
    "Type": {
      "Name": "Issue",
      "Id": 3
    },
    "VoteCount": 1,
    "Id": 11308
  },
  "FileAttachments": [
    {
      "FileId": 4292,
      "FileName": "Utils.cs.diff",
      "DownloadUrl": ".\\4292"
    }
  ],
  "Comments": [
    {
      "Message": "Patch for this bug.\r\n\r\nBtw. such projects as gplex just begs for bunch of unit tests.",
      "PostedDate": "2012-10-25T07:55:45.747-07:00",
      "Id": -2147483648
    },
    {
      "Message": "Hi macias\r\n\r\nYes, this one is a bug. There are tests with literal \"\\0\" characters in the pattern, but not at the end of the pattern.   Thanks for turning this up.  I have committed the change, and it will go into the next refresh along with a couple of other changes including labelling the generated code files to keep fxcop happy (happier).",
      "PostedDate": "2012-10-28T16:06:38.227-07:00",
      "Id": -2147483648
    },
    {
      "Message": "",
      "PostedDate": "2013-02-13T18:43:19.87-08:00",
      "Id": -2147483648
    }
  ]
}