{
  "WorkItem": {
    "AffectedComponent": {
      "Name": "",
      "DisplayName": ""
    },
    "ClosedComment": "",
    "ClosedDate": null,
    "CommentCount": 0,
    "Custom": null,
    "Description": "Quote from documentation for dot regex: \"It means any character except ‘\\n’\" (in lex it was except \"\\n\" and \"\\r\"). Anyway, try to add 2 rules -- with dot and \"\\n\". Gplex will display info, that dot rule always overrides \"\\n\".",
    "LastUpdatedDate": "2013-02-13T18:43:19.613-08:00",
    "PlannedForRelease": "",
    "ReleaseVisibleToPublic": false,
    "Priority": {
      "Name": "Low",
      "Severity": 50,
      "Id": 1
    },
    "ProjectName": "gplex",
    "ReportedDate": "2012-10-25T10:19:51.03-07:00",
    "Status": {
      "Name": "Proposed",
      "Id": 1
    },
    "ReasonClosed": {
      "Name": "Unassigned"
    },
    "Summary": "Dot rule violates lex syntax and own documentation",
    "Type": {
      "Name": "Issue",
      "Id": 3
    },
    "VoteCount": 1,
    "Id": 11310
  },
  "FileAttachments": [],
  "Comments": [
    {
      "Message": "Hi macias\nCannot reproduce the violation.  Can you give an example please.  I have a lex file with just two rules\n%%\n\\n     Blah1;\n.       Blah2;\n%%\nthis gives no diagnostic and produces correct scanning tables.\r\n\r\nLex lookalikes vary in their treatment of '.'\nI chose the minimal and oldest tradition.  However, no traditional meaning is adequate for Unicode scanners. I encourage the use of the set \nDotChar    [^\\r\\n\\u0085\\u2828\\u2029] \nEven for ascii scanners I usually define\nDotChr     [^\\r\\n]\r\n\r\n",
      "PostedDate": "2012-10-28T16:28:57.1-07:00",
      "Id": -2147483648
    },
    {
      "Message": "I am terribly sorry, I mixed the lines numbers, and I was not looking at the correct one the gplex reported. Sorry for taking your time on this!",
      "PostedDate": "2012-10-29T05:15:27.57-07:00",
      "Id": -2147483648
    },
    {
      "Message": "I am terribly sorry, I mixed the lines number, and I was not looking at the correct line gplex reported. There is only conflict between `\\r` and dot, so it is according to documentation, but not with other tools (but here I don't know what counts as good tradition and what as bad one).\r\n\r\nOnce again, please forgive me for taking your time.",
      "PostedDate": "2012-10-29T05:17:43.017-07:00",
      "Id": -2147483648
    },
    {
      "Message": "",
      "PostedDate": "2013-02-13T18:43:19.613-08:00",
      "Id": -2147483648
    }
  ]
}