{
  "WorkItem": {
    "AffectedComponent": {
      "Name": "",
      "DisplayName": ""
    },
    "ClosedComment": "",
    "ClosedDate": null,
    "CommentCount": 0,
    "Custom": null,
    "Description": "We have a policy to configure warnings in error. This policy causes the compilation of code generated by Gplex to fail. Is it possible to ensure that Gplex encloses the copyright information within an attribute \"auto-generated> ... / auto-generated>\"?",
    "LastUpdatedDate": "2014-05-30T06:40:14.65-07:00",
    "PlannedForRelease": "",
    "ReleaseVisibleToPublic": false,
    "Priority": {
      "Name": "Unassigned",
      "Severity": 0,
      "Id": 0
    },
    "ProjectName": "gplex",
    "ReportedDate": "2014-05-30T06:40:14.65-07:00",
    "Status": {
      "Name": "Proposed",
      "Id": 1
    },
    "ReasonClosed": {
      "Name": "Unassigned"
    },
    "Summary": "Display \"error CS0219: Warning as Error: The variable 'contextSaved' is assigned but its value is never used\"",
    "Type": {
      "Name": "Unassigned",
      "Id": 5
    },
    "VoteCount": 1,
    "Id": 13055
  },
  "FileAttachments": [],
  "Comments": []
}