{
  "WorkItem": {
    "AffectedComponent": {
      "Name": "",
      "DisplayName": ""
    },
    "ClosedComment": "",
    "ClosedDate": null,
    "CommentCount": 0,
    "Custom": null,
    "Description": "I'm building a lexer to parse Zinc and MiniZinc files. In these files the wedge (/\\) and vee (\\/) are represented by slashes and backslashes. The lexer however reports in the case of \\/ this as an \"OTHER\" and \"OPDIV\" character. I tried solving this problem by replacing \\\\ by the hexadecimal code of a backslash, but this method failed to give the correct result. I can't find anything in the manual describing this problem. Is it a bug or dit I do something wrong?",
    "LastUpdatedDate": "2015-07-30T08:24:05.643-07:00",
    "PlannedForRelease": "",
    "ReleaseVisibleToPublic": false,
    "Priority": {
      "Name": "Unassigned",
      "Severity": 0,
      "Id": 0
    },
    "ProjectName": "gplex",
    "ReportedDate": "2013-09-23T17:37:47.16-07:00",
    "Status": {
      "Name": "Proposed",
      "Id": 1
    },
    "ReasonClosed": {
      "Name": "Unassigned"
    },
    "Summary": "Parsing a backslash",
    "Type": {
      "Name": "Unassigned",
      "Id": 5
    },
    "VoteCount": 1,
    "Id": 12206
  },
  "FileAttachments": [
    {
      "FileId": 4686,
      "FileName": "MiniZinc.lex",
      "DownloadUrl": ".\\4686"
    }
  ],
  "Comments": [
    {
      "Message": "I'm having the same issue when using unicode mode.\nIt seems GPLEX is ignoring '\\' \nIf you have found a solution for this problem please email me at tal@ayende.com",
      "PostedDate": "2015-07-30T08:24:05.643-07:00",
      "Id": -2147483648
    }
  ]
}