[
  {
    "Id": 4568,
    "Title": "Buffering Mechanism Unsuitable for SilverLight?"
  },
  {
    "Id": 6021,
    "Title": "Bug in setting Buffer.Pos with LineBuffers and Backup"
  },
  {
    "Id": 7504,
    "Title": "AAST.LitString double decodes character escapes"
  },
  {
    "Id": 8057,
    "Title": "Error message when no %namespace specified. Need for a namespace?"
  },
  {
    "Id": 8059,
    "Title": "NullReferenceException with default constructor when no source specified"
  },
  {
    "Id": 8093,
    "Title": "Possibility to choose another name for the Scanner class"
  },
  {
    "Id": 8395,
    "Title": "GPLEX on .Net Compact Framework"
  },
  {
    "Id": 8623,
    "Title": "Index out of range error"
  },
  {
    "Id": 10386,
    "Title": "No way to build a project from source files in MS Visual Studio 2010"
  },
  {
    "Id": 10717,
    "Title": "Errors in MSBuild Style"
  },
  {
    "Id": 11308,
    "Title": "Null character \\0 is not recognized"
  },
  {
    "Id": 11310,
    "Title": "Dot rule violates lex syntax and own documentation"
  },
  {
    "Id": 11335,
    "Title": "EOF is not reached in non-INITIAL state"
  },
  {
    "Id": 11861,
    "Title": "AAST.AddUserPredicate throws exception if first exported type does not match"
  },
  {
    "Id": 11895,
    "Title": "How to avoid the 'This pattern always overrides\" message"
  },
  {
    "Id": 12206,
    "Title": "Parsing a backslash"
  },
  {
    "Id": 12980,
    "Title": "Emit #line pragmas in generated class"
  },
  {
    "Id": 13055,
    "Title": "Display \"error CS0219: Warning as Error: The variable 'contextSaved' is assigned but its value is never used\""
  },
  {
    "Id": 13321,
    "Title": "caseInsensitive flag"
  },
  {
    "Id": 13328,
    "Title": "WinRT compatibility && I can't build it"
  },
  {
    "Id": 13615,
    "Title": "Argument out of range exception"
  },
  {
    "Id": 13731,
    "Title": "[€] as regular expression crashes gplex"
  },
  {
    "Id": 14013,
    "Title": "\" X:\" breaks recognition of XY"
  }
]