{
  "WorkItem": {
    "AffectedComponent": {
      "Name": "",
      "DisplayName": ""
    },
    "ClosedComment": "",
    "ClosedDate": null,
    "CommentCount": 0,
    "Custom": null,
    "Description": "(Previously I added ill-formed ticket. Since I don't know how to delete, I now change it content to valid one, sorry for confusion).\n\nConsider such rules (see the attached file).\n\nUncomment/comment the line which switches STR state. In initial state EOF is reached, in non-INITIAL state it is not, and thus the user is not able to run any on-EOF code (yes, I know the trick with moving the code to the main part, out of scope of lexer).",
    "LastUpdatedDate": "2013-02-13T18:43:18.8-08:00",
    "PlannedForRelease": "",
    "ReleaseVisibleToPublic": false,
    "Priority": {
      "Name": "Low",
      "Severity": 50,
      "Id": 1
    },
    "ProjectName": "gplex",
    "ReportedDate": "2012-11-03T09:55:08.097-07:00",
    "Status": {
      "Name": "Proposed",
      "Id": 1
    },
    "ReasonClosed": {
      "Name": "Unassigned"
    },
    "Summary": "EOF is not reached in non-INITIAL state",
    "Type": {
      "Name": "Issue",
      "Id": 3
    },
    "VoteCount": 1,
    "Id": 11335
  },
  "FileAttachments": [
    {
      "FileId": 4300,
      "FileName": "foobar.lex",
      "DownloadUrl": ".\\4300"
    },
    {
      "FileId": 4301,
      "FileName": "log.txt",
      "DownloadUrl": ".\\4301"
    }
  ],
  "Comments": [
    {
      "Message": "Dear macias\r\n\r\nFirst up: regarding your initial query.  You are incorrect -  the dot character within quotes is just an ordinary character not the \"any but \\n\" metacharacter.  See the log file attached.\r\n\r\nFor your current issue note the following: Your example does not compile with gplex.  It needs at least a namespace declaration.\r\n\r\nThe real issue is that you have defined STR as an exclusive start state.  The <<EOF>> rule is only active in the INITIAL state.  If you want it to be active in the STR state you can do one of two things: mark STR as an inclusive state \"%s\", that is, included in the initial state;  or you can mark the EOF rule as applying to all states, as in,\n<*><<EOF>>      { ... }\nYou will find both of these work.\n",
      "PostedDate": "2012-11-05T20:26:13.753-08:00",
      "Id": -2147483648
    },
    {
      "Message": "Thank you for your explanation. I think it would be useful to note in documentation, that <<EOF>> can be marked with states as other rules.",
      "PostedDate": "2012-11-07T00:19:59.25-08:00",
      "Id": -2147483648
    },
    {
      "Message": "",
      "PostedDate": "2013-02-13T18:43:18.8-08:00",
      "Id": -2147483648
    }
  ]
}