{
  "WorkItem": {
    "AffectedComponent": {
      "Name": "",
      "DisplayName": ""
    },
    "ClosedComment": "",
    "ClosedDate": null,
    "CommentCount": 0,
    "Custom": null,
    "Description": "Dear John,\n\nthanks for providing gplex, which is of great help to me. I get unexpected behaviour when parsing data containing positional info. The real .lex file is quite large and my token is XYZWPR, but I could break the issue down to case 2 breaking the recognition of case 1. \n\ncase1\tXY\n//case2\t[ ]X:\ncase2\t\" X:\"\n\nThe input file being some testfile containing the string \"XYZWPR\". When case 2 is inactive (commented out), case 1 is recognized, when case 2 is active, there is no recognition of either pattern. It does not matter if case 2 is \"[ ]X:\" or \" X:\". The issue can be avoided by not checking for the trailing blank (i.e. if case 2 is \"X:\", there's recognition as expected), or in my real use case by checking case1 for YZWPR instead of XYZWPR but I found it worth mentioning. I get this behaviour on Linux / Mono as well as on VisualStudio2015/Win7. The sample lex file is attached.\n\nbest regards\nArnd",
    "LastUpdatedDate": "2016-11-14T05:46:49.317-08:00",
    "PlannedForRelease": "",
    "ReleaseVisibleToPublic": false,
    "Priority": {
      "Name": "Unassigned",
      "Severity": 0,
      "Id": 0
    },
    "ProjectName": "gplex",
    "ReportedDate": "2016-11-14T05:46:47.723-08:00",
    "Status": {
      "Name": "Proposed",
      "Id": 1
    },
    "ReasonClosed": {
      "Name": "Unassigned"
    },
    "Summary": "\" X:\" breaks recognition of XY",
    "Type": {
      "Name": "Unassigned",
      "Id": 5
    },
    "VoteCount": 1,
    "Id": 14013
  },
  "FileAttachments": [
    {
      "FileId": 6334,
      "FileName": "testXYZ.lex",
      "DownloadUrl": ".\\6334"
    }
  ],
  "Comments": []
}