{
  "WorkItem": {
    "AffectedComponent": {
      "Name": "",
      "DisplayName": ""
    },
    "ClosedComment": "",
    "ClosedDate": null,
    "CommentCount": 0,
    "Custom": null,
    "Description": "This simple test case with cyrillic symbols fails:\n\n```\n%namespace LexScanner\n%option verbose noparser\n\n%%\nабракадабра {}\n%%\n```\n\nI've double checked file encoding with Notepad++ and Vim. However this test case gives no error:\n\n```\n%namespace LexScanner\n%option verbose noparser\n\n%%\nл {}\n%%\n```\nI'm using this line in cmd to generate lexer:\n>\\> gplex ./Lexer.lex",
    "LastUpdatedDate": "2015-06-04T00:32:24.67-07:00",
    "PlannedForRelease": "",
    "ReleaseVisibleToPublic": false,
    "Priority": {
      "Name": "Unassigned",
      "Severity": 0,
      "Id": 0
    },
    "ProjectName": "gplex",
    "ReportedDate": "2015-06-04T00:32:24.67-07:00",
    "Status": {
      "Name": "Proposed",
      "Id": 1
    },
    "ReasonClosed": {
      "Name": "Unassigned"
    },
    "Summary": "Argument out of range exception",
    "Type": {
      "Name": "Unassigned",
      "Id": 5
    },
    "VoteCount": 1,
    "Id": 13615
  },
  "FileAttachments": [],
  "Comments": []
}