{
  "WorkItem": {
    "AffectedComponent": {
      "Name": "",
      "DisplayName": ""
    },
    "ClosedComment": "",
    "ClosedDate": null,
    "CommentCount": 0,
    "Custom": null,
    "Description": "In AAST.cs, line 282 throws an exception if the first exported type does not match instead of continuing to iterate over the remaining exported types. The line 'hdlr.ListError(mSpan, 96, clsName); return;' should be moved outside of the loop:\n```\nforeach (Type type in types)\n{\n    if (type.FullName.Equals(clsName, StringComparison.OrdinalIgnoreCase) ||\n        type.Name.Equals(clsName, StringComparison.OrdinalIgnoreCase))\n    {\n        QUT.Gplex.ICharTestFactory factory =\n            (ICharTestFactory)System.Activator.CreateInstance(type);\n\n        if (factory != null)\n        {\n            CharTest test = factory.GetDelegate(mthIdnt);\n            if (test == null)\n                hdlr.ListError(mSpan, 97, mthIdnt);\n            else\n                AddUserPredicate(name, test);\n            return;\n        }\n    }\n    hdlr.ListError(mSpan, 96, clsName); return;\n}\n```\n\nbecomes:\n```\nforeach (Type type in types)\n{\n    if (type.FullName.Equals(clsName, StringComparison.OrdinalIgnoreCase) ||\n        type.Name.Equals(clsName, StringComparison.OrdinalIgnoreCase))\n    {\n        QUT.Gplex.ICharTestFactory factory =\n            (ICharTestFactory)System.Activator.CreateInstance(type);\n\n        if (factory != null)\n        {\n            CharTest test = factory.GetDelegate(mthIdnt);\n            if (test == null)\n                hdlr.ListError(mSpan, 97, mthIdnt);\n            else\n                AddUserPredicate(name, test);\n            return;\n        }\n    }\n}\nhdlr.ListError(mSpan, 96, clsName); return;\n```\n\nIn the absence of guidelines for contributing, I'll leave it to you to make the change.\nGreat tool, thanks for putting it out there!",
    "LastUpdatedDate": "2013-06-08T19:20:45.803-07:00",
    "PlannedForRelease": "",
    "ReleaseVisibleToPublic": false,
    "Priority": {
      "Name": "Unassigned",
      "Severity": 0,
      "Id": 0
    },
    "ProjectName": "gplex",
    "ReportedDate": "2013-06-04T17:36:31.753-07:00",
    "Status": {
      "Name": "Proposed",
      "Id": 1
    },
    "ReasonClosed": {
      "Name": "Unassigned"
    },
    "Summary": "AAST.AddUserPredicate throws exception if first exported type does not match",
    "Type": {
      "Name": "Unassigned",
      "Id": 5
    },
    "VoteCount": 1,
    "Id": 11861
  },
  "FileAttachments": [],
  "Comments": [
    {
      "Message": "Thanks JosephGray.  You will have worked out that my testing did not test the case of a helper assembly with multiple exported classes defined.  Sorry about that, and thanks for the fix.  I will upload the fix to the repository,  so that it gets in the next refresh of the binary releases.\nJohn.",
      "PostedDate": "2013-06-08T19:20:45.803-07:00",
      "Id": -2147483648
    }
  ]
}