{
  "WorkItem": {
    "AffectedComponent": {
      "Name": "",
      "DisplayName": ""
    },
    "ClosedComment": "",
    "ClosedDate": null,
    "CommentCount": 0,
    "Custom": null,
    "Description": "On the following specification:\n%namespace Toto2\n%%\n%%\nstatic void Main()\n{\n  Scanner scanner = new Scanner();\n  scanner.yylex();\n}\nAfter typing command gplex.exe /noparser toto2.lex; csc toto2.cs; ./toto2.exe\nThe generated lexer throws a NullReferenceException in Toto2.Scanner.GetCode()\n \nThe nicest resolution would be that a scanner built with the default constructor reads input from the standard input. If that is not possible, then it would be a more robust interface not to provide a constructor with 0 arguments. Alternatively, instead of crashing on a NullReferenceException, the scanner could exit and tell the user it shoud specify an input either with another constructor or through the SetSource methods.\n \nThank you in advance.",
    "LastUpdatedDate": "2013-02-13T18:43:21.35-08:00",
    "PlannedForRelease": "",
    "ReleaseVisibleToPublic": false,
    "Priority": {
      "Name": "Low",
      "Severity": 50,
      "Id": 1
    },
    "ProjectName": "gplex",
    "ReportedDate": "2011-01-05T13:52:28.073-08:00",
    "Status": {
      "Name": "Proposed",
      "Id": 1
    },
    "ReasonClosed": {
      "Name": "Unassigned"
    },
    "Summary": "NullReferenceException with default constructor when no source specified",
    "Type": {
      "Name": "Issue",
      "Id": 3
    },
    "VoteCount": 1,
    "Id": 8059
  },
  "FileAttachments": [],
  "Comments": []
}