{
  "WorkItem": {
    "AffectedComponent": {
      "Name": "",
      "DisplayName": ""
    },
    "ClosedComment": "",
    "ClosedDate": null,
    "CommentCount": 0,
    "Custom": null,
    "Description": "Would make it possible to step through the .l file when debugging and jump straight to the .l file from errors in Visual Studio.",
    "LastUpdatedDate": "2014-06-02T16:03:22.253-07:00",
    "PlannedForRelease": "",
    "ReleaseVisibleToPublic": false,
    "Priority": {
      "Name": "Unassigned",
      "Severity": 0,
      "Id": 0
    },
    "ProjectName": "gplex",
    "ReportedDate": "2014-04-29T07:49:01.543-07:00",
    "Status": {
      "Name": "Proposed",
      "Id": 1
    },
    "ReasonClosed": {
      "Name": "Unassigned"
    },
    "Summary": "Emit #line pragmas in generated class",
    "Type": {
      "Name": "Unassigned",
      "Id": 5
    },
    "VoteCount": 1,
    "Id": 12980
  },
  "FileAttachments": [],
  "Comments": [
    {
      "Message": "Hi jdh28\nSorry for the long delay.  It would be possible to put location information in the scanner file for the semantic actions in the lex specification.  I will have a play with this to see how it works.  Maybe it can make it for the 1.2.2 release.\nJohn",
      "PostedDate": "2014-06-02T16:03:22.253-07:00",
      "Id": -2147483648
    }
  ]
}