{
  "WorkItem": {
    "AffectedComponent": {
      "Name": "",
      "DisplayName": ""
    },
    "ClosedComment": "",
    "ClosedDate": null,
    "CommentCount": 0,
    "Custom": null,
    "Description": "gplex-65435.zip file doesn't contain GplexBuffers.cs, parser.cs, Scanner.cs files.\nTherefore, there is no way to build a project from source files in MS Visual Studio 2010.",
    "LastUpdatedDate": "2013-02-13T18:43:20.42-08:00",
    "PlannedForRelease": "",
    "ReleaseVisibleToPublic": false,
    "Priority": {
      "Name": "Low",
      "Severity": 50,
      "Id": 1
    },
    "ProjectName": "gplex",
    "ReportedDate": "2012-02-16T05:30:00.193-08:00",
    "Status": {
      "Name": "Proposed",
      "Id": 1
    },
    "ReasonClosed": {
      "Name": "Unassigned"
    },
    "Summary": "No way to build a project from source files in MS Visual Studio 2010",
    "Type": {
      "Name": "Issue",
      "Id": 3
    },
    "VoteCount": 1,
    "Id": 10386
  },
  "FileAttachments": [],
  "Comments": [
    {
      "Message": "Hi Nikkk\r\nThe Scanner, Parser and GplexBuffers file are all produced from specification.  See the README.TXT file in \\project\\gplex folder.  In short you go into \\project\\SpecFiles and run  GenerateAll.bat.  You will need the *binaries* of both gplex and gppg to do this, which is why the distribution has both.\r\nLet me know if you have further problems\r\nJohn",
      "PostedDate": "2012-02-17T15:37:57.683-08:00",
      "Id": -2147483648
    },
    {
      "Message": "I've read this message however IMHO those files should be included in zip (I don't mean in CVS repo). \r\n\r\nRationale: you do it once, every user benefits from it. In current state, every user has to read these instructions, fix the environment or the script, it takes time (really), and then finally get those files.\r\n\r\nThose steps are mundane and there is no point for example thousand people do example the same task to get the same results. If the results are the same (and this is the case here), they should be included.\r\n\r\nIf not, please at least specify what external tools you are using, and where to find them. csc is not put in PATH by default (for example).",
      "PostedDate": "2012-10-25T07:38:06.763-07:00",
      "Id": -2147483648
    },
    {
      "Message": "",
      "PostedDate": "2013-02-13T18:43:20.42-08:00",
      "Id": -2147483648
    }
  ]
}