[
  {
    "Id": "0",
    "Name": "Gardens Point LEX version 1.2.1",
    "DevelopmentStatus": "Beta",
    "Description": "*This distribution was erroneously linked to an older version of GPLEX.  As of 24 August 2013 it now links to version 1.2.1, as advertised.*\n\nThe main distribution is a zip file. This contains the binary executable, documentation, source code and the examples.\n! Changes\nVersion 1.2.1 has new facilities for defining and manipulating character classes. These changes make the construction of large Unicode character classes more convenient.\n\nThe runtime code for performing automaton backup has been re-implemented, and is now faster for scanners that need backup.\n\n! Source Code\nThe distribution contains a complete VS2010 project for the application. However the latest code revisions are always available via the source code tab of this page.\n\n! Documentation\nDocumentation is included in the zip archive, but is also available separately from this download page.\nThe main documentation is a single file. It now includes hyperlinked figure references, table of contents and index.\nThe documentation also describes the examples in the archive.",
    "ReleasedDatge": "0001-01-01T00:00:00",
    "ModifiedDate": "2014-08-25T21:06:52.237-07:00",
    "Files": [
      {
        "Id": "3df2ec6c-2e0a-4f0c-8d8a-c277d0b780e6",
        "FileName": "gplex.pdf",
        "Url": "./0/3df2ec6c-2e0a-4f0c-8d8a-c277d0b780e6",
        "Type": "Documentation",
        "UploadDate": "2013-06-28T19:20:51.44-07:00"
      },
      {
        "Id": "edd2bff2-e70d-4e99-b5b9-3ab796c7fe53",
        "FileName": "gplex-changelog.pdf",
        "Url": "./0/edd2bff2-e70d-4e99-b5b9-3ab796c7fe53",
        "Type": "Documentation",
        "UploadDate": "2013-06-28T19:20:51.5-07:00"
      },
      {
        "Id": "f78d2736-f9f7-4f3c-af0d-aea80b0821c5",
        "FileName": "gplex-distro-1_2_1.zip",
        "Url": "./0/f78d2736-f9f7-4f3c-af0d-aea80b0821c5",
        "Type": "Application",
        "UploadDate": "2013-08-23T17:15:40.293-07:00"
      }
    ]
  },
  {
    "Id": "1",
    "Name": "Gardens Point LEX version 1.2.0",
    "DevelopmentStatus": "Beta",
    "Description": "The main distribution is a zip file.  This contains the binary executable, documentation, source code and the examples.\n\n!! Changes\nVersion 1.2.0 contains a small number of changes. Error messages are now _MSBuild_ and _VS_-friendly by default.  The default encoding for lex input files is Unicode, with an automatic fallback to the previous raw-byte interpretation.  The distribution also contains helper code for symbol pushback by _GPPG_ parsers.\nA complete changelog is available as a separate documentation file.\n\n!! Source Code\nThe distribution contains a complete VS2010 project for the application.   However the latest code revisions are always available via the source code tab of this page.\n\n!! Documentation\nDocumentation is included in the zip archive, but is also available separately from this download page.\nThe main documentation is a single file.  It now includes hyperlinked figure references, table of contents and index.\nThe documentation also describes the examples in the archive.",
    "ReleasedDatge": "0001-01-01T00:00:00",
    "ModifiedDate": "2012-11-02T00:34:28.09-07:00",
    "Files": [
      {
        "Id": "51a6fe7f-9213-403a-8bea-2b758d329748",
        "FileName": "gplex-distro-1_2_0.zip",
        "Url": "./1/51a6fe7f-9213-403a-8bea-2b758d329748",
        "Type": "Application",
        "UploadDate": "2012-05-11T19:23:22.627-07:00"
      },
      {
        "Id": "ae7f7024-5cfa-4bff-a74b-1fa89fce22a3",
        "FileName": "gplex.pdf",
        "Url": "./1/ae7f7024-5cfa-4bff-a74b-1fa89fce22a3",
        "Type": "Documentation",
        "UploadDate": "2012-05-11T19:23:22.703-07:00"
      },
      {
        "Id": "2b2ec51b-c5f8-4100-8f20-355003340472",
        "FileName": "gplex-changelog.pdf",
        "Url": "./1/2b2ec51b-c5f8-4100-8f20-355003340472",
        "Type": "Application",
        "UploadDate": "2012-05-11T19:23:22.783-07:00"
      },
      {
        "Id": "9d2c6625-7db8-4ee8-a5b0-942e0f1d08a2",
        "FileName": "sources.zip",
        "Url": "./1/9d2c6625-7db8-4ee8-a5b0-942e0f1d08a2",
        "Type": "Example",
        "UploadDate": "2012-11-02T00:34:23.763-07:00"
      }
    ]
  },
  {
    "Id": "2",
    "Name": "Gardens Point LEX version 1.1.6",
    "DevelopmentStatus": "Beta",
    "Description": "The main distribution is a zip file.  This contains the binary executable, documentation, source code and the examples.\n\n!! Changes\nVersion 1.1.6 uses a larger dictionary, so as to allow successful DFSA generation from specifications that imply an NFSA with more than 64k states.  It has some other minor fixes.\nA complete changelog is available as a separate documentation file.\n\n!! Source Code\nThe distribution contains a complete VS2008 project for the application.   However the latest code revisions are always available via the source code tab of this page.\n\n!! Documentation\nDocumentation is included in the zip archive, but is also available separately from this download page.\nThe main documentation is once again a single file.  It now includes hyperlinked figure references, table of contents and index.\nThe documentation also describes the examples in the archive.",
    "ReleasedDatge": "0001-01-01T00:00:00",
    "ModifiedDate": "2011-05-01T21:18:33.887-07:00",
    "Files": [
      {
        "Id": "315820fe-669f-4264-a95c-7f78ed397e04",
        "FileName": "gplex-distro-1_1_6.zip",
        "Url": "./2/315820fe-669f-4264-a95c-7f78ed397e04",
        "Type": "Application",
        "UploadDate": "2011-05-01T21:15:08.617-07:00"
      },
      {
        "Id": "02dd6a2b-8985-4407-9b24-05fc50711416",
        "FileName": "gplex.pdf",
        "Url": "./2/02dd6a2b-8985-4407-9b24-05fc50711416",
        "Type": "Documentation",
        "UploadDate": "2011-05-01T21:16:36.453-07:00"
      },
      {
        "Id": "eb761bd9-d85b-408d-a6f6-1a78713d3ff2",
        "FileName": "gplex-changelog.pdf",
        "Url": "./2/eb761bd9-d85b-408d-a6f6-1a78713d3ff2",
        "Type": "Documentation",
        "UploadDate": "2011-05-01T21:17:16.563-07:00"
      }
    ]
  },
  {
    "Id": "3",
    "Name": "Gardens Point LEX version 1.1.5",
    "DevelopmentStatus": "Stable",
    "Description": "The main distribution is a zip file.  This contains the binary executable, documentation, source code and the examples.\n\n!! Changes\nVersion 1.1.5 corrects ar error in the handling of literal strings in regular expressions.  The error messages associated with malformed literal strings have been improved, and c# code fragments can use verbatim literal strings.\nA complete changelog is available as a separate documentation file.\n\n!! Source Code\nThe distribution contains a complete VS2008 project for the application.   However the latest code revisions are always available via the source code tab of this page.\n\n!! Documentation\nDocumentation is included in the zip archive, but is also available separately from this download page.\nThe main documentation is once again a single file.  It now includes hyperlinked figure references, table of contents and index.\nThe documentation also describes the examples in the archive.",
    "ReleasedDatge": "0001-01-01T00:00:00",
    "ModifiedDate": "2010-11-01T03:48:32.693-07:00",
    "Files": [
      {
        "Id": "c5337688-ad11-4e3e-b158-11b4fbba32b0",
        "FileName": "gplex-distro-1_1_5.zip",
        "Url": "./3/c5337688-ad11-4e3e-b158-11b4fbba32b0",
        "Type": "Application",
        "UploadDate": "2010-11-01T03:48:31.74-07:00"
      },
      {
        "Id": "1fac614f-f5cd-4619-bc50-5b0ccd722f49",
        "FileName": "gplex.pdf",
        "Url": "./3/1fac614f-f5cd-4619-bc50-5b0ccd722f49",
        "Type": "Documentation",
        "UploadDate": "2010-11-01T03:48:31.787-07:00"
      },
      {
        "Id": "c34ff456-698c-497c-acae-8cbfe40f1743",
        "FileName": "gplex-changelog.pdf",
        "Url": "./3/c34ff456-698c-497c-acae-8cbfe40f1743",
        "Type": "Documentation",
        "UploadDate": "2010-11-01T03:48:31.833-07:00"
      }
    ]
  },
  {
    "Id": "4",
    "Name": "Gardens Point LEX v1.1.4",
    "DevelopmentStatus": "Stable",
    "Description": "The main distribution is a zip file.  This contains the binary executable, documentation, source code and the examples.\n\n!! Changes\nVersion 1.1.4 corrects several errors in the LineBuffer implementation.  There are also corrections to the handling of surrogate pair codepoints in string and line buffer inputs. The source also contains an updated version of ShiftReduceParser.\n\nA complete changelog is available as a separate documentation file.\n\n!! Source Code\nThe distribution contains a complete VS2008 project for the application.   However the latest code revisions are always available via the source code tab of this page.\n\n!! Documentation\nDocumentation is included in the zip archive, but is also available separately from this download page.\nThe main documentation is once again a single file.  It now includes hyperlinked figure references, table of contents and index.\nThe documentation also describes the examples in the archive.",
    "ReleasedDatge": "0001-01-01T00:00:00",
    "ModifiedDate": "2010-05-27T04:36:25.977-07:00",
    "Files": [
      {
        "Id": "1969033b-2438-4c34-a7d9-e8161374df5c",
        "FileName": "gplex-distro-1_1_4.zip",
        "Url": "./4/1969033b-2438-4c34-a7d9-e8161374df5c",
        "Type": "Application",
        "UploadDate": "2010-05-27T04:34:46.237-07:00"
      },
      {
        "Id": "7e72caa4-40e6-410b-8516-5bd5653ea2c4",
        "FileName": "gplex.pdf",
        "Url": "./4/7e72caa4-40e6-410b-8516-5bd5653ea2c4",
        "Type": "Documentation",
        "UploadDate": "2010-05-27T04:36:25.46-07:00"
      },
      {
        "Id": "d9f6dd9a-ba9b-41e6-8de4-370f0afe1117",
        "FileName": "gplex-changelog.pdf",
        "Url": "./4/d9f6dd9a-ba9b-41e6-8de4-370f0afe1117",
        "Type": "Documentation",
        "UploadDate": "2010-05-27T04:36:25.507-07:00"
      }
    ]
  },
  {
    "Id": "5",
    "Name": "Gardens Point LEX version 1.2.2",
    "DevelopmentStatus": "Beta",
    "Description": "The main distribution is a zip file. This contains the binary executable, documentation, source code and the examples. \n!! Changes\nThere are minimal changes from v1.2.1. Some code has been cleaned up, including moving some variable declarations to avoid unused variable warning with some scanner configurations.\n\nThe copyright document includes a clarification that all output produced by GPLEX is the property of the user.\n\n!! Source Code\nThe distribution contains a complete VS2012 project for the application. However the latest code revisions are always available via the source code tab of this page.\n\n!! Documentation\nDocumentation is included in the zip archive, but is also available separately from this download page.\nThe main documentation is a single file. It now includes hyperlinked figure references, table of contents and index.\nThe documentation also describes the examples in the archive.",
    "ReleasedDatge": "0001-01-01T00:00:00",
    "ModifiedDate": "2014-08-25T21:23:52.07-07:00",
    "Files": [
      {
        "Id": "516fef86-fcc6-40cd-b77b-2451771ef62b",
        "FileName": "gplex-distro-1_2_2.zip",
        "Url": "./5/516fef86-fcc6-40cd-b77b-2451771ef62b",
        "Type": "Application",
        "UploadDate": "2014-08-25T20:58:30.663-07:00"
      },
      {
        "Id": "a9d2af54-968f-4877-b893-d23f2cc25951",
        "FileName": "gplex.pdf",
        "Url": "./5/a9d2af54-968f-4877-b893-d23f2cc25951",
        "Type": "Documentation",
        "UploadDate": "2014-08-25T21:02:02.903-07:00"
      },
      {
        "Id": "c853d12f-4545-412e-8d41-7ae45584c41f",
        "FileName": "gplex-changelog.pdf",
        "Url": "./5/c853d12f-4545-412e-8d41-7ae45584c41f",
        "Type": "Application",
        "UploadDate": "2014-08-25T21:02:02.98-07:00"
      }
    ]
  }
]